<?xml version="1.0" encoding="UTF-8"?>
<vivadoHLSLog:LogRoot xmlns:vivadoHLSLog="www.xilinx.com/vivadoHLSLog">
  <errorLogs>
    <logs>
      <synLog/>
      <simLog/>
      <mgLog/>
      <packageLog/>
      <csimLog/>
    </logs>
  </errorLogs>
  <warningLogs>
    <logs>
      <synLog>
        <logs message="WARNING: [HLS 200-40] TestPorject/dataflow.c:30:51: warning: sizeof on array function parameter will return size of 'char *' instead of 'char [1536]' [-Wsizeof-array-argument]&#xD;&#xA;                        for(int pixelStart ; pixelStart &lt; sizeof(pixelInput) ; pixelStart = pixelStart +3){&#xD;&#xA;                                                                ^&#xD;&#xA;TestPorject/dataflow.c:20:21: note: declared here&#xD;&#xA;void greyScale(char pixelInput[512*3] , char pixelOutput[512*3]){&#xD;&#xA;                    ^&#xD;&#xA;1 warning generated." projectName="TestPorject" solutionName="solution1" date="2022-12-05T16:31:34.936+0100" type="Warning"/>
      </synLog>
      <simLog/>
      <mgLog/>
      <packageLog>
        <logs message="WARNING: [Synth 8-3332] Sequential element (greyScale_dmul_64cud_U2/din1_buf1_reg[32]) is unused and will be removed from module greyScale." projectName="TestPorject" solutionName="solution1" date="2014-12-05T16:34:50.787+0100" type="Warning"/>
        <logs message="WARNING: [Synth 8-3332] Sequential element (greyScale_dmul_64cud_U2/din1_buf1_reg[33]) is unused and will be removed from module greyScale." projectName="TestPorject" solutionName="solution1" date="2014-12-05T16:34:50.765+0100" type="Warning"/>
        <logs message="WARNING: [Synth 8-3332] Sequential element (greyScale_dmul_64cud_U2/din1_buf1_reg[34]) is unused and will be removed from module greyScale." projectName="TestPorject" solutionName="solution1" date="2014-12-05T16:34:50.748+0100" type="Warning"/>
        <logs message="WARNING: [Synth 8-3332] Sequential element (greyScale_dmul_64cud_U2/din1_buf1_reg[35]) is unused and will be removed from module greyScale." projectName="TestPorject" solutionName="solution1" date="2014-12-05T16:34:50.725+0100" type="Warning"/>
        <logs message="WARNING: [Synth 8-3332] Sequential element (greyScale_dmul_64cud_U2/din1_buf1_reg[36]) is unused and will be removed from module greyScale." projectName="TestPorject" solutionName="solution1" date="2014-12-05T16:34:50.704+0100" type="Warning"/>
        <logs message="WARNING: [Synth 8-3332] Sequential element (greyScale_dmul_64cud_U2/din1_buf1_reg[37]) is unused and will be removed from module greyScale." projectName="TestPorject" solutionName="solution1" date="2014-12-05T16:34:50.684+0100" type="Warning"/>
        <logs message="WARNING: [Synth 8-3332] Sequential element (greyScale_dmul_64cud_U2/din1_buf1_reg[38]) is unused and will be removed from module greyScale." projectName="TestPorject" solutionName="solution1" date="2014-12-05T16:34:50.662+0100" type="Warning"/>
        <logs message="WARNING: [Synth 8-3332] Sequential element (greyScale_dmul_64cud_U2/din1_buf1_reg[39]) is unused and will be removed from module greyScale." projectName="TestPorject" solutionName="solution1" date="2014-12-05T16:34:50.643+0100" type="Warning"/>
        <logs message="WARNING: [Synth 8-3332] Sequential element (greyScale_dmul_64cud_U2/din1_buf1_reg[40]) is unused and will be removed from module greyScale." projectName="TestPorject" solutionName="solution1" date="2014-12-05T16:34:50.621+0100" type="Warning"/>
        <logs message="WARNING: [Synth 8-3332] Sequential element (greyScale_dmul_64cud_U2/din1_buf1_reg[41]) is unused and will be removed from module greyScale." projectName="TestPorject" solutionName="solution1" date="2014-12-05T16:34:50.599+0100" type="Warning"/>
        <logs message="WARNING: [Synth 8-3332] Sequential element (greyScale_dmul_64cud_U2/din1_buf1_reg[42]) is unused and will be removed from module greyScale." projectName="TestPorject" solutionName="solution1" date="2014-12-05T16:34:50.579+0100" type="Warning"/>
        <logs message="WARNING: [Synth 8-3332] Sequential element (greyScale_dmul_64cud_U2/din1_buf1_reg[43]) is unused and will be removed from module greyScale." projectName="TestPorject" solutionName="solution1" date="2014-12-05T16:34:50.559+0100" type="Warning"/>
        <logs message="WARNING: [Synth 8-3332] Sequential element (greyScale_dmul_64cud_U2/din1_buf1_reg[44]) is unused and will be removed from module greyScale." projectName="TestPorject" solutionName="solution1" date="2014-12-05T16:34:50.538+0100" type="Warning"/>
        <logs message="WARNING: [Synth 8-3332] Sequential element (greyScale_dmul_64cud_U2/din1_buf1_reg[45]) is unused and will be removed from module greyScale." projectName="TestPorject" solutionName="solution1" date="2014-12-05T16:34:50.516+0100" type="Warning"/>
        <logs message="WARNING: [Synth 8-3332] Sequential element (greyScale_dmul_64cud_U2/din1_buf1_reg[46]) is unused and will be removed from module greyScale." projectName="TestPorject" solutionName="solution1" date="2014-12-05T16:34:50.491+0100" type="Warning"/>
        <logs message="WARNING: [Synth 8-3332] Sequential element (greyScale_dmul_64cud_U2/din1_buf1_reg[47]) is unused and will be removed from module greyScale." projectName="TestPorject" solutionName="solution1" date="2014-12-05T16:34:50.471+0100" type="Warning"/>
        <logs message="WARNING: [Synth 8-3332] Sequential element (greyScale_dmul_64cud_U2/din1_buf1_reg[48]) is unused and will be removed from module greyScale." projectName="TestPorject" solutionName="solution1" date="2014-12-05T16:34:50.449+0100" type="Warning"/>
        <logs message="WARNING: [Synth 8-3332] Sequential element (greyScale_dmul_64cud_U2/din1_buf1_reg[49]) is unused and will be removed from module greyScale." projectName="TestPorject" solutionName="solution1" date="2014-12-05T16:34:50.429+0100" type="Warning"/>
        <logs message="WARNING: [Synth 8-3332] Sequential element (greyScale_dmul_64cud_U2/din1_buf1_reg[50]) is unused and will be removed from module greyScale." projectName="TestPorject" solutionName="solution1" date="2014-12-05T16:34:50.407+0100" type="Warning"/>
        <logs message="WARNING: [Synth 8-3332] Sequential element (greyScale_dmul_64cud_U2/din1_buf1_reg[51]) is unused and will be removed from module greyScale." projectName="TestPorject" solutionName="solution1" date="2014-12-05T16:34:50.388+0100" type="Warning"/>
        <logs message="WARNING: [Synth 8-3332] Sequential element (greyScale_dmul_64cud_U2/din1_buf1_reg[52]) is unused and will be removed from module greyScale." projectName="TestPorject" solutionName="solution1" date="2014-12-05T16:34:50.366+0100" type="Warning"/>
        <logs message="WARNING: [Synth 8-3332] Sequential element (greyScale_dmul_64cud_U2/din1_buf1_reg[53]) is unused and will be removed from module greyScale." projectName="TestPorject" solutionName="solution1" date="2014-12-05T16:34:50.346+0100" type="Warning"/>
        <logs message="WARNING: [Synth 8-3332] Sequential element (greyScale_dmul_64cud_U2/din1_buf1_reg[54]) is unused and will be removed from module greyScale." projectName="TestPorject" solutionName="solution1" date="2014-12-05T16:34:50.324+0100" type="Warning"/>
        <logs message="WARNING: [Synth 8-3332] Sequential element (greyScale_dmul_64cud_U2/din1_buf1_reg[55]) is unused and will be removed from module greyScale." projectName="TestPorject" solutionName="solution1" date="2014-12-05T16:34:50.303+0100" type="Warning"/>
        <logs message="WARNING: [Synth 8-3332] Sequential element (greyScale_dmul_64cud_U2/din1_buf1_reg[56]) is unused and will be removed from module greyScale." projectName="TestPorject" solutionName="solution1" date="2014-12-05T16:34:50.282+0100" type="Warning"/>
        <logs message="WARNING: [Synth 8-3332] Sequential element (greyScale_dmul_64cud_U2/din1_buf1_reg[57]) is unused and will be removed from module greyScale." projectName="TestPorject" solutionName="solution1" date="2014-12-05T16:34:50.259+0100" type="Warning"/>
        <logs message="WARNING: [Synth 8-3332] Sequential element (greyScale_dmul_64cud_U2/din1_buf1_reg[58]) is unused and will be removed from module greyScale." projectName="TestPorject" solutionName="solution1" date="2014-12-05T16:34:50.236+0100" type="Warning"/>
        <logs message="WARNING: [Synth 8-3332] Sequential element (greyScale_dmul_64cud_U2/din1_buf1_reg[59]) is unused and will be removed from module greyScale." projectName="TestPorject" solutionName="solution1" date="2014-12-05T16:34:50.215+0100" type="Warning"/>
        <logs message="WARNING: [Synth 8-3332] Sequential element (greyScale_dmul_64cud_U2/din1_buf1_reg[60]) is unused and will be removed from module greyScale." projectName="TestPorject" solutionName="solution1" date="2014-12-05T16:34:50.188+0100" type="Warning"/>
        <logs message="WARNING: [Synth 8-3332] Sequential element (greyScale_dmul_64cud_U2/din1_buf1_reg[61]) is unused and will be removed from module greyScale." projectName="TestPorject" solutionName="solution1" date="2014-12-05T16:34:50.163+0100" type="Warning"/>
        <logs message="WARNING: [Synth 8-3332] Sequential element (greyScale_dmul_64cud_U2/din1_buf1_reg[62]) is unused and will be removed from module greyScale." projectName="TestPorject" solutionName="solution1" date="2014-12-05T16:34:50.142+0100" type="Warning"/>
        <logs message="WARNING: [Synth 8-3332] Sequential element (greyScale_dmul_64cud_U2/din1_buf1_reg[63]) is unused and will be removed from module greyScale." projectName="TestPorject" solutionName="solution1" date="2014-12-05T16:34:50.123+0100" type="Warning"/>
        <logs message="WARNING: [Synth 8-3332] Sequential element (greyScale_dmul_64cud_U1/din1_buf1_reg[0]) is unused and will be removed from module greyScale." projectName="TestPorject" solutionName="solution1" date="2014-12-05T16:34:50.103+0100" type="Warning"/>
        <logs message="WARNING: [Synth 8-3332] Sequential element (greyScale_dmul_64cud_U1/din1_buf1_reg[2]) is unused and will be removed from module greyScale." projectName="TestPorject" solutionName="solution1" date="2014-12-05T16:34:50.085+0100" type="Warning"/>
        <logs message="WARNING: [Synth 8-3332] Sequential element (greyScale_dmul_64cud_U1/din1_buf1_reg[5]) is unused and will be removed from module greyScale." projectName="TestPorject" solutionName="solution1" date="2014-12-05T16:34:50.062+0100" type="Warning"/>
        <logs message="WARNING: [Synth 8-3332] Sequential element (greyScale_dmul_64cud_U1/din1_buf1_reg[6]) is unused and will be removed from module greyScale." projectName="TestPorject" solutionName="solution1" date="2014-12-05T16:34:50.040+0100" type="Warning"/>
        <logs message="WARNING: [Synth 8-3332] Sequential element (greyScale_dmul_64cud_U1/din1_buf1_reg[7]) is unused and will be removed from module greyScale." projectName="TestPorject" solutionName="solution1" date="2014-12-05T16:34:50.020+0100" type="Warning"/>
        <logs message="WARNING: [Synth 8-3332] Sequential element (greyScale_dmul_64cud_U1/din1_buf1_reg[12]) is unused and will be removed from module greyScale." projectName="TestPorject" solutionName="solution1" date="2014-12-05T16:34:49.996+0100" type="Warning"/>
        <logs message="WARNING: [Synth 8-3332] Sequential element (greyScale_dmul_64cud_U1/din1_buf1_reg[15]) is unused and will be removed from module greyScale." projectName="TestPorject" solutionName="solution1" date="2014-12-05T16:34:49.975+0100" type="Warning"/>
        <logs message="WARNING: [Synth 8-3332] Sequential element (greyScale_dmul_64cud_U1/din1_buf1_reg[16]) is unused and will be removed from module greyScale." projectName="TestPorject" solutionName="solution1" date="2014-12-05T16:34:49.958+0100" type="Warning"/>
        <logs message="WARNING: [Synth 8-3332] Sequential element (greyScale_dmul_64cud_U1/din1_buf1_reg[17]) is unused and will be removed from module greyScale." projectName="TestPorject" solutionName="solution1" date="2014-12-05T16:34:49.940+0100" type="Warning"/>
        <logs message="WARNING: [Synth 8-3332] Sequential element (greyScale_dmul_64cud_U1/din1_buf1_reg[22]) is unused and will be removed from module greyScale." projectName="TestPorject" solutionName="solution1" date="2014-12-05T16:34:49.919+0100" type="Warning"/>
        <logs message="WARNING: [Synth 8-3332] Sequential element (greyScale_dmul_64cud_U1/din1_buf1_reg[25]) is unused and will be removed from module greyScale." projectName="TestPorject" solutionName="solution1" date="2014-12-05T16:34:49.895+0100" type="Warning"/>
        <logs message="WARNING: [Synth 8-3332] Sequential element (greyScale_dmul_64cud_U1/din1_buf1_reg[26]) is unused and will be removed from module greyScale." projectName="TestPorject" solutionName="solution1" date="2014-12-05T16:34:49.875+0100" type="Warning"/>
        <logs message="WARNING: [Synth 8-3332] Sequential element (greyScale_dmul_64cud_U1/din1_buf1_reg[27]) is unused and will be removed from module greyScale." projectName="TestPorject" solutionName="solution1" date="2014-12-05T16:34:49.854+0100" type="Warning"/>
        <logs message="WARNING: [Synth 8-3332] Sequential element (greyScale_dmul_64cud_U1/din1_buf1_reg[32]) is unused and will be removed from module greyScale." projectName="TestPorject" solutionName="solution1" date="2014-12-05T16:34:49.834+0100" type="Warning"/>
        <logs message="WARNING: [Synth 8-3332] Sequential element (greyScale_dmul_64cud_U1/din1_buf1_reg[35]) is unused and will be removed from module greyScale." projectName="TestPorject" solutionName="solution1" date="2014-12-05T16:34:49.814+0100" type="Warning"/>
        <logs message="WARNING: [Synth 8-3332] Sequential element (greyScale_dmul_64cud_U1/din1_buf1_reg[36]) is unused and will be removed from module greyScale." projectName="TestPorject" solutionName="solution1" date="2014-12-05T16:34:49.794+0100" type="Warning"/>
        <logs message="WARNING: [Synth 8-3332] Sequential element (greyScale_dmul_64cud_U1/din1_buf1_reg[37]) is unused and will be removed from module greyScale." projectName="TestPorject" solutionName="solution1" date="2014-12-05T16:34:49.777+0100" type="Warning"/>
        <logs message="WARNING: [Synth 8-3332] Sequential element (greyScale_dmul_64cud_U1/din1_buf1_reg[42]) is unused and will be removed from module greyScale." projectName="TestPorject" solutionName="solution1" date="2014-12-05T16:34:49.758+0100" type="Warning"/>
        <logs message="WARNING: [Synth 8-3332] Sequential element (greyScale_dmul_64cud_U1/din1_buf1_reg[45]) is unused and will be removed from module greyScale." projectName="TestPorject" solutionName="solution1" date="2014-12-05T16:34:49.740+0100" type="Warning"/>
        <logs message="WARNING: [Synth 8-3332] Sequential element (greyScale_dmul_64cud_U1/din1_buf1_reg[46]) is unused and will be removed from module greyScale." projectName="TestPorject" solutionName="solution1" date="2014-12-05T16:34:49.722+0100" type="Warning"/>
        <logs message="WARNING: [Synth 8-3332] Sequential element (greyScale_dmul_64cud_U1/din1_buf1_reg[47]) is unused and will be removed from module greyScale." projectName="TestPorject" solutionName="solution1" date="2014-12-05T16:34:49.697+0100" type="Warning"/>
        <logs message="WARNING: [Synth 8-3332] Sequential element (greyScale_dmul_64cud_U1/din1_buf1_reg[52]) is unused and will be removed from module greyScale." projectName="TestPorject" solutionName="solution1" date="2014-12-05T16:34:49.672+0100" type="Warning"/>
        <logs message="WARNING: [Synth 8-3332] Sequential element (greyScale_dmul_64cud_U1/din1_buf1_reg[55]) is unused and will be removed from module greyScale." projectName="TestPorject" solutionName="solution1" date="2014-12-05T16:34:49.656+0100" type="Warning"/>
        <logs message="WARNING: [Synth 8-3332] Sequential element (greyScale_dmul_64cud_U1/din1_buf1_reg[56]) is unused and will be removed from module greyScale." projectName="TestPorject" solutionName="solution1" date="2014-12-05T16:34:49.641+0100" type="Warning"/>
        <logs message="WARNING: [Synth 8-3332] Sequential element (greyScale_dmul_64cud_U1/din1_buf1_reg[57]) is unused and will be removed from module greyScale." projectName="TestPorject" solutionName="solution1" date="2014-12-05T16:34:49.608+0100" type="Warning"/>
        <logs message="WARNING: [Synth 8-3332] Sequential element (greyScale_dmul_64cud_U1/din1_buf1_reg[58]) is unused and will be removed from module greyScale." projectName="TestPorject" solutionName="solution1" date="2014-12-05T16:34:49.588+0100" type="Warning"/>
        <logs message="WARNING: [Synth 8-3332] Sequential element (greyScale_dmul_64cud_U1/din1_buf1_reg[59]) is unused and will be removed from module greyScale." projectName="TestPorject" solutionName="solution1" date="2014-12-05T16:34:49.572+0100" type="Warning"/>
        <logs message="WARNING: [Synth 8-3332] Sequential element (greyScale_dmul_64cud_U1/din1_buf1_reg[60]) is unused and will be removed from module greyScale." projectName="TestPorject" solutionName="solution1" date="2014-12-05T16:34:49.552+0100" type="Warning"/>
        <logs message="WARNING: [Synth 8-3332] Sequential element (greyScale_dmul_64cud_U1/din1_buf1_reg[61]) is unused and will be removed from module greyScale." projectName="TestPorject" solutionName="solution1" date="2014-12-05T16:34:49.535+0100" type="Warning"/>
        <logs message="WARNING: [Synth 8-3332] Sequential element (greyScale_dmul_64cud_U1/din1_buf1_reg[62]) is unused and will be removed from module greyScale." projectName="TestPorject" solutionName="solution1" date="2014-12-05T16:34:49.519+0100" type="Warning"/>
        <logs message="WARNING: [Synth 8-3332] Sequential element (greyScale_dmul_64cud_U1/din1_buf1_reg[63]) is unused and will be removed from module greyScale." projectName="TestPorject" solutionName="solution1" date="2014-12-05T16:34:49.499+0100" type="Warning"/>
        <logs message="WARNING: [Synth 8-3332] Sequential element (sum4_cast_reg_442_reg[11]) is unused and will be removed from module greyScale." projectName="TestPorject" solutionName="solution1" date="2014-12-05T16:34:49.482+0100" type="Warning"/>
        <logs message="WARNING: [Synth 8-3332] Sequential element (sum2_cast_reg_417_reg[11]) is unused and will be removed from module greyScale." projectName="TestPorject" solutionName="solution1" date="2014-12-05T16:34:49.462+0100" type="Warning"/>
        <logs message="WARNING: [Synth 8-3332] Sequential element (greyScale_AXILiteS_s_axi_U/rstate_reg[2]) is unused and will be removed from module greyScale." projectName="TestPorject" solutionName="solution1" date="2014-12-05T16:34:49.440+0100" type="Warning"/>
        <logs message="WARNING: [Synth 8-3332] Sequential element (greyScale_AXILiteS_s_axi_U/wstate_reg[2]) is unused and will be removed from module greyScale." projectName="TestPorject" solutionName="solution1" date="2014-12-05T16:34:49.420+0100" type="Warning"/>
        <logs message="WARNING: [Synth 8-3332] Sequential element (i_64) is unused and will be removed from module greyScale." projectName="TestPorject" solutionName="solution1" date="2014-12-05T16:34:49.400+0100" type="Warning"/>
        <logs message="WARNING: [Synth 8-3332] Sequential element (i_62) is unused and will be removed from module greyScale." projectName="TestPorject" solutionName="solution1" date="2014-12-05T16:34:49.382+0100" type="Warning"/>
        <logs message="WARNING: [Synth 8-3332] Sequential element (i_60) is unused and will be removed from module greyScale." projectName="TestPorject" solutionName="solution1" date="2014-12-05T16:34:49.360+0100" type="Warning"/>
        <logs message="WARNING: [Synth 8-3332] Sequential element (i_58) is unused and will be removed from module greyScale." projectName="TestPorject" solutionName="solution1" date="2014-12-05T16:34:49.340+0100" type="Warning"/>
        <logs message="WARNING: [Synth 8-3332] Sequential element (i_56) is unused and will be removed from module greyScale." projectName="TestPorject" solutionName="solution1" date="2014-12-05T16:34:49.321+0100" type="Warning"/>
        <logs message="WARNING: [Synth 8-3332] Sequential element (i_54) is unused and will be removed from module greyScale." projectName="TestPorject" solutionName="solution1" date="2014-12-05T16:34:49.296+0100" type="Warning"/>
        <logs message="WARNING: [Synth 8-3332] Sequential element (i_52) is unused and will be removed from module greyScale." projectName="TestPorject" solutionName="solution1" date="2014-12-05T16:34:49.274+0100" type="Warning"/>
        <logs message="WARNING: [Synth 8-3332] Sequential element (i_50) is unused and will be removed from module greyScale." projectName="TestPorject" solutionName="solution1" date="2014-12-05T16:34:49.255+0100" type="Warning"/>
        <logs message="WARNING: [Synth 8-3332] Sequential element (i_48) is unused and will be removed from module greyScale." projectName="TestPorject" solutionName="solution1" date="2014-12-05T16:34:49.232+0100" type="Warning"/>
        <logs message="WARNING: [Synth 8-3332] Sequential element (i_46) is unused and will be removed from module greyScale." projectName="TestPorject" solutionName="solution1" date="2014-12-05T16:34:49.210+0100" type="Warning"/>
        <logs message="WARNING: [Synth 8-3332] Sequential element (i_44) is unused and will be removed from module greyScale." projectName="TestPorject" solutionName="solution1" date="2014-12-05T16:34:49.187+0100" type="Warning"/>
        <logs message="WARNING: [Synth 8-3332] Sequential element (i_42) is unused and will be removed from module greyScale." projectName="TestPorject" solutionName="solution1" date="2014-12-05T16:34:49.166+0100" type="Warning"/>
        <logs message="WARNING: [Synth 8-3332] Sequential element (i_40) is unused and will be removed from module greyScale." projectName="TestPorject" solutionName="solution1" date="2014-12-05T16:34:49.145+0100" type="Warning"/>
        <logs message="WARNING: [Synth 8-3332] Sequential element (i_38) is unused and will be removed from module greyScale." projectName="TestPorject" solutionName="solution1" date="2014-12-05T16:34:49.127+0100" type="Warning"/>
        <logs message="WARNING: [Synth 8-3332] Sequential element (i_36) is unused and will be removed from module greyScale." projectName="TestPorject" solutionName="solution1" date="2014-12-05T16:34:49.106+0100" type="Warning"/>
        <logs message="WARNING: [Synth 8-3332] Sequential element (i_34) is unused and will be removed from module greyScale." projectName="TestPorject" solutionName="solution1" date="2014-12-05T16:34:49.086+0100" type="Warning"/>
        <logs message="WARNING: [Synth 8-3332] Sequential element (i_32) is unused and will be removed from module greyScale." projectName="TestPorject" solutionName="solution1" date="2014-12-05T16:34:49.060+0100" type="Warning"/>
        <logs message="WARNING: [Synth 8-3332] Sequential element (i_30) is unused and will be removed from module greyScale." projectName="TestPorject" solutionName="solution1" date="2014-12-05T16:34:49.039+0100" type="Warning"/>
        <logs message="WARNING: [Synth 8-3332] Sequential element (i_28) is unused and will be removed from module greyScale." projectName="TestPorject" solutionName="solution1" date="2014-12-05T16:34:49.020+0100" type="Warning"/>
        <logs message="WARNING: [Synth 8-3332] Sequential element (i_26) is unused and will be removed from module greyScale." projectName="TestPorject" solutionName="solution1" date="2014-12-05T16:34:48.999+0100" type="Warning"/>
        <logs message="WARNING: [Synth 8-3332] Sequential element (i_24) is unused and will be removed from module greyScale." projectName="TestPorject" solutionName="solution1" date="2014-12-05T16:34:48.982+0100" type="Warning"/>
        <logs message="WARNING: [Synth 8-3332] Sequential element (i_22) is unused and will be removed from module greyScale." projectName="TestPorject" solutionName="solution1" date="2014-12-05T16:34:48.963+0100" type="Warning"/>
        <logs message="WARNING: [Synth 8-3332] Sequential element (i_20) is unused and will be removed from module greyScale." projectName="TestPorject" solutionName="solution1" date="2014-12-05T16:34:48.944+0100" type="Warning"/>
        <logs message="WARNING: [Synth 8-3332] Sequential element (i_18) is unused and will be removed from module greyScale." projectName="TestPorject" solutionName="solution1" date="2014-12-05T16:34:48.928+0100" type="Warning"/>
        <logs message="WARNING: [Synth 8-3332] Sequential element (i_16) is unused and will be removed from module greyScale." projectName="TestPorject" solutionName="solution1" date="2014-12-05T16:34:48.912+0100" type="Warning"/>
        <logs message="WARNING: [Synth 8-3332] Sequential element (i_14) is unused and will be removed from module greyScale." projectName="TestPorject" solutionName="solution1" date="2014-12-05T16:34:48.894+0100" type="Warning"/>
        <logs message="WARNING: [Synth 8-3332] Sequential element (i_12) is unused and will be removed from module greyScale." projectName="TestPorject" solutionName="solution1" date="2014-12-05T16:34:48.874+0100" type="Warning"/>
        <logs message="WARNING: [Synth 8-3332] Sequential element (i_10) is unused and will be removed from module greyScale." projectName="TestPorject" solutionName="solution1" date="2014-12-05T16:34:48.853+0100" type="Warning"/>
        <logs message="WARNING: [Synth 8-3332] Sequential element (i_8) is unused and will be removed from module greyScale." projectName="TestPorject" solutionName="solution1" date="2014-12-05T16:34:48.831+0100" type="Warning"/>
        <logs message="WARNING: [Synth 8-3332] Sequential element (i_6) is unused and will be removed from module greyScale." projectName="TestPorject" solutionName="solution1" date="2014-12-05T16:34:48.808+0100" type="Warning"/>
        <logs message="WARNING: [Synth 8-3332] Sequential element (i_4) is unused and will be removed from module greyScale." projectName="TestPorject" solutionName="solution1" date="2014-12-05T16:34:48.788+0100" type="Warning"/>
        <logs message="WARNING: [Synth 8-3332] Sequential element (i_2) is unused and will be removed from module greyScale." projectName="TestPorject" solutionName="solution1" date="2014-12-05T16:34:48.767+0100" type="Warning"/>
        <logs message="WARNING: [Synth 8-3332] Sequential element (i_0) is unused and will be removed from module greyScale." projectName="TestPorject" solutionName="solution1" date="2014-12-05T16:34:48.749+0100" type="Warning"/>
        <logs message="WARNING: [Synth 8-6014] Unused sequential element greyScale_AXILiteS_s_axi_U/int_pixelOutput/q0_reg was removed.  [C:/Users/mathi/Desktop/Kandidat/Embedded/Project/testings/TestPorject/solution1/impl/vhdl/greyScale_AXILiteS_s_axi.vhd:639]" projectName="TestPorject" solutionName="solution1" date="2014-12-05T16:34:48.721+0100" type="Warning"/>
        <logs message="WARNING: [Synth 8-6014] Unused sequential element pixelStart_1_fu_84_reg was removed.  [C:/Users/mathi/Desktop/Kandidat/Embedded/Project/testings/TestPorject/solution1/impl/vhdl/greyScale.vhd:474]" projectName="TestPorject" solutionName="solution1" date="2014-12-05T16:34:48.699+0100" type="Warning"/>
        <logs message="WARNING: [Synth 8-6014] Unused sequential element pixelStart_1_fu_84_reg was removed.  [C:/Users/mathi/Desktop/Kandidat/Embedded/Project/testings/TestPorject/solution1/impl/vhdl/greyScale.vhd:474]" projectName="TestPorject" solutionName="solution1" date="2014-12-05T16:34:48.673+0100" type="Warning"/>
        <logs message="WARNING: [Synth 8-6014] Unused sequential element int_pixelInput_shift_reg was removed.  [C:/Users/mathi/Desktop/Kandidat/Embedded/Project/testings/TestPorject/solution1/impl/vhdl/greyScale_AXILiteS_s_axi.vhd:474]" projectName="TestPorject" solutionName="solution1" date="2014-12-05T16:34:43.668+0100" type="Warning"/>
        <logs message="WARNING: [Synth 8-3331] design xbip_pipe_v3_0_3_viv__parameterized61 has unconnected port SSET" projectName="TestPorject" solutionName="solution1" date="2014-12-05T16:34:25.564+0100" type="Warning"/>
        <logs message="WARNING: [Synth 8-3331] design xbip_pipe_v3_0_3_viv__parameterized61 has unconnected port SCLR" projectName="TestPorject" solutionName="solution1" date="2014-12-05T16:34:25.541+0100" type="Warning"/>
        <logs message="WARNING: [Synth 8-3331] design xbip_pipe_v3_0_3_viv__parameterized61 has unconnected port CE" projectName="TestPorject" solutionName="solution1" date="2014-12-05T16:34:25.519+0100" type="Warning"/>
        <logs message="WARNING: [Synth 8-3331] design xbip_pipe_v3_0_3_viv__parameterized61 has unconnected port CLK" projectName="TestPorject" solutionName="solution1" date="2014-12-05T16:34:25.498+0100" type="Warning"/>
        <logs message="WARNING: [Synth 8-3331] design xbip_pipe_v3_0_3_viv__parameterized7 has unconnected port SINIT" projectName="TestPorject" solutionName="solution1" date="2014-12-05T16:34:25.481+0100" type="Warning"/>
        <logs message="WARNING: [Synth 8-3331] design xbip_pipe_v3_0_3_viv__parameterized7 has unconnected port SSET" projectName="TestPorject" solutionName="solution1" date="2014-12-05T16:34:25.462+0100" type="Warning"/>
        <logs message="WARNING: [Synth 8-3331] design xbip_pipe_v3_0_3_viv__parameterized7 has unconnected port SCLR" projectName="TestPorject" solutionName="solution1" date="2014-12-05T16:34:25.441+0100" type="Warning"/>
        <logs message="WARNING: [Synth 8-3331] design xbip_pipe_v3_0_3_viv__parameterized7 has unconnected port CE" projectName="TestPorject" solutionName="solution1" date="2014-12-05T16:34:25.419+0100" type="Warning"/>
        <logs message="WARNING: [Synth 8-3331] design xbip_pipe_v3_0_3_viv__parameterized7 has unconnected port CLK" projectName="TestPorject" solutionName="solution1" date="2014-12-05T16:34:25.402+0100" type="Warning"/>
        <logs message="WARNING: [Synth 8-3331] design xbip_pipe_v3_0_3_viv__parameterized55 has unconnected port SINIT" projectName="TestPorject" solutionName="solution1" date="2014-12-05T16:34:25.382+0100" type="Warning"/>
        <logs message="WARNING: [Synth 8-3331] design xbip_pipe_v3_0_3_viv__parameterized55 has unconnected port SSET" projectName="TestPorject" solutionName="solution1" date="2014-12-05T16:34:25.363+0100" type="Warning"/>
        <logs message="WARNING: [Synth 8-3331] design xbip_pipe_v3_0_3_viv__parameterized55 has unconnected port SCLR" projectName="TestPorject" solutionName="solution1" date="2014-12-05T16:34:25.344+0100" type="Warning"/>
        <logs message="WARNING: [Synth 8-3331] design xbip_pipe_v3_0_3_viv__parameterized55 has unconnected port CE" projectName="TestPorject" solutionName="solution1" date="2014-12-05T16:34:25.323+0100" type="Warning"/>
        <logs message="WARNING: [Synth 8-3331] design xbip_pipe_v3_0_3_viv__parameterized55 has unconnected port CLK" projectName="TestPorject" solutionName="solution1" date="2014-12-05T16:34:25.303+0100" type="Warning"/>
        <logs message="WARNING: [Synth 8-3331] design flt_round_bit__parameterized0 has unconnected port SIGN" projectName="TestPorject" solutionName="solution1" date="2014-12-05T16:34:25.285+0100" type="Warning"/>
        <logs message="WARNING: [Synth 8-3331] design flt_round_bit__parameterized0 has unconnected port FIX_MANT_SIGN" projectName="TestPorject" solutionName="solution1" date="2014-12-05T16:34:25.267+0100" type="Warning"/>
        <logs message="WARNING: [Synth 8-3331] design flt_round_bit__parameterized0 has unconnected port FIXED_POINT" projectName="TestPorject" solutionName="solution1" date="2014-12-05T16:34:25.250+0100" type="Warning"/>
        <logs message="WARNING: [Synth 8-3331] design flt_round_bit__parameterized0 has unconnected port NORMALIZE[1]" projectName="TestPorject" solutionName="solution1" date="2014-12-05T16:34:25.233+0100" type="Warning"/>
        <logs message="WARNING: [Synth 8-3331] design xbip_pipe_v3_0_3_viv__parameterized63 has unconnected port SINIT" projectName="TestPorject" solutionName="solution1" date="2014-12-05T16:34:25.218+0100" type="Warning"/>
        <logs message="WARNING: [Synth 8-3331] design xbip_pipe_v3_0_3_viv__parameterized63 has unconnected port SSET" projectName="TestPorject" solutionName="solution1" date="2014-12-05T16:34:25.204+0100" type="Warning"/>
        <logs message="WARNING: [Synth 8-3331] design xbip_pipe_v3_0_3_viv__parameterized63 has unconnected port SCLR" projectName="TestPorject" solutionName="solution1" date="2014-12-05T16:34:25.190+0100" type="Warning"/>
        <logs message="WARNING: [Synth 8-3331] design xbip_pipe_v3_0_3_viv__parameterized63 has unconnected port CE" projectName="TestPorject" solutionName="solution1" date="2014-12-05T16:34:25.174+0100" type="Warning"/>
        <logs message="WARNING: [Synth 8-3331] design xbip_pipe_v3_0_3_viv__parameterized63 has unconnected port CLK" projectName="TestPorject" solutionName="solution1" date="2014-12-05T16:34:25.158+0100" type="Warning"/>
        <logs message="WARNING: [Synth 8-3331] design xbip_pipe_v3_0_3_viv__parameterized15 has unconnected port SINIT" projectName="TestPorject" solutionName="solution1" date="2014-12-05T16:34:25.139+0100" type="Warning"/>
        <logs message="WARNING: [Synth 8-3331] design xbip_pipe_v3_0_3_viv__parameterized15 has unconnected port SSET" projectName="TestPorject" solutionName="solution1" date="2014-12-05T16:34:25.118+0100" type="Warning"/>
        <logs message="WARNING: [Synth 8-3331] design xbip_pipe_v3_0_3_viv__parameterized15 has unconnected port SCLR" projectName="TestPorject" solutionName="solution1" date="2014-12-05T16:34:25.100+0100" type="Warning"/>
        <logs message="WARNING: [Synth 8-3331] design xbip_pipe_v3_0_3_viv__parameterized15 has unconnected port CE" projectName="TestPorject" solutionName="solution1" date="2014-12-05T16:34:25.084+0100" type="Warning"/>
        <logs message="WARNING: [Synth 8-3331] design xbip_pipe_v3_0_3_viv__parameterized15 has unconnected port CLK" projectName="TestPorject" solutionName="solution1" date="2014-12-05T16:34:25.069+0100" type="Warning"/>
        <logs message="WARNING: [Synth 8-3331] design xbip_pipe_v3_0_3_viv__parameterized110 has unconnected port SINIT" projectName="TestPorject" solutionName="solution1" date="2014-12-05T16:34:25.053+0100" type="Warning"/>
        <logs message="WARNING: [Synth 8-3331] design xbip_pipe_v3_0_3_viv__parameterized110 has unconnected port SSET" projectName="TestPorject" solutionName="solution1" date="2014-12-05T16:34:25.037+0100" type="Warning"/>
        <logs message="WARNING: [Synth 8-3331] design xbip_pipe_v3_0_3_viv__parameterized110 has unconnected port SCLR" projectName="TestPorject" solutionName="solution1" date="2014-12-05T16:34:25.018+0100" type="Warning"/>
        <logs message="WARNING: [Synth 8-3331] design xbip_pipe_v3_0_3_viv__parameterized110 has unconnected port CE" projectName="TestPorject" solutionName="solution1" date="2014-12-05T16:34:25.000+0100" type="Warning"/>
        <logs message="WARNING: [Synth 8-3331] design xbip_pipe_v3_0_3_viv__parameterized110 has unconnected port CLK" projectName="TestPorject" solutionName="solution1" date="2014-12-05T16:34:24.981+0100" type="Warning"/>
        <logs message="WARNING: [Synth 8-3331] design carry_chain__parameterized15 has unconnected port B[26]" projectName="TestPorject" solutionName="solution1" date="2014-12-05T16:34:24.962+0100" type="Warning"/>
        <logs message="WARNING: [Synth 8-3331] design xbip_pipe_v3_0_3_viv__parameterized112 has unconnected port SINIT" projectName="TestPorject" solutionName="solution1" date="2014-12-05T16:34:24.944+0100" type="Warning"/>
        <logs message="WARNING: [Synth 8-3331] design xbip_pipe_v3_0_3_viv__parameterized112 has unconnected port SSET" projectName="TestPorject" solutionName="solution1" date="2014-12-05T16:34:24.924+0100" type="Warning"/>
        <logs message="WARNING: [Synth 8-3331] design xbip_pipe_v3_0_3_viv__parameterized112 has unconnected port SCLR" projectName="TestPorject" solutionName="solution1" date="2014-12-05T16:34:24.909+0100" type="Warning"/>
        <logs message="WARNING: [Synth 8-3331] design xbip_pipe_v3_0_3_viv__parameterized112 has unconnected port CE" projectName="TestPorject" solutionName="solution1" date="2014-12-05T16:34:24.892+0100" type="Warning"/>
        <logs message="WARNING: [Synth 8-3331] design xbip_pipe_v3_0_3_viv__parameterized112 has unconnected port CLK" projectName="TestPorject" solutionName="solution1" date="2014-12-05T16:34:24.872+0100" type="Warning"/>
        <logs message="WARNING: [Synth 8-3331] design fix_to_flt_conv_exp has unconnected port A[0]" projectName="TestPorject" solutionName="solution1" date="2014-12-05T16:34:24.856+0100" type="Warning"/>
        <logs message="WARNING: [Synth 8-3331] design fix_to_flt_conv_exp has unconnected port A[1]" projectName="TestPorject" solutionName="solution1" date="2014-12-05T16:34:24.838+0100" type="Warning"/>
        <logs message="WARNING: [Synth 8-3331] design fix_to_flt_conv_exp has unconnected port A[2]" projectName="TestPorject" solutionName="solution1" date="2014-12-05T16:34:24.819+0100" type="Warning"/>
        <logs message="WARNING: [Synth 8-3331] design fix_to_flt_conv_exp has unconnected port A[3]" projectName="TestPorject" solutionName="solution1" date="2014-12-05T16:34:24.798+0100" type="Warning"/>
        <logs message="WARNING: [Synth 8-3331] design fix_to_flt_conv_exp has unconnected port A[4]" projectName="TestPorject" solutionName="solution1" date="2014-12-05T16:34:24.781+0100" type="Warning"/>
        <logs message="WARNING: [Synth 8-3331] design fix_to_flt_conv_exp has unconnected port A[5]" projectName="TestPorject" solutionName="solution1" date="2014-12-05T16:34:24.760+0100" type="Warning"/>
        <logs message="WARNING: [Synth 8-3331] design fix_to_flt_conv_exp has unconnected port A[6]" projectName="TestPorject" solutionName="solution1" date="2014-12-05T16:34:24.745+0100" type="Warning"/>
        <logs message="WARNING: [Synth 8-3331] design fix_to_flt_conv_exp has unconnected port A[7]" projectName="TestPorject" solutionName="solution1" date="2014-12-05T16:34:24.727+0100" type="Warning"/>
        <logs message="WARNING: [Synth 8-3331] design fix_to_flt_conv_exp has unconnected port A[8]" projectName="TestPorject" solutionName="solution1" date="2014-12-05T16:34:24.710+0100" type="Warning"/>
        <logs message="WARNING: [Synth 8-3331] design fix_to_flt_conv_exp has unconnected port A[9]" projectName="TestPorject" solutionName="solution1" date="2014-12-05T16:34:24.695+0100" type="Warning"/>
        <logs message="WARNING: [Synth 8-3331] design fix_to_flt_conv_exp has unconnected port A[10]" projectName="TestPorject" solutionName="solution1" date="2014-12-05T16:34:24.679+0100" type="Warning"/>
        <logs message="WARNING: [Synth 8-3331] design fix_to_flt_conv_exp has unconnected port A[11]" projectName="TestPorject" solutionName="solution1" date="2014-12-05T16:34:24.663+0100" type="Warning"/>
        <logs message="WARNING: [Synth 8-3331] design fix_to_flt_conv_exp has unconnected port A[12]" projectName="TestPorject" solutionName="solution1" date="2014-12-05T16:34:24.644+0100" type="Warning"/>
        <logs message="WARNING: [Synth 8-3331] design fix_to_flt_conv_exp has unconnected port A[13]" projectName="TestPorject" solutionName="solution1" date="2014-12-05T16:34:24.627+0100" type="Warning"/>
        <logs message="WARNING: [Synth 8-3331] design fix_to_flt_conv_exp has unconnected port A[14]" projectName="TestPorject" solutionName="solution1" date="2014-12-05T16:34:24.609+0100" type="Warning"/>
        <logs message="WARNING: [Synth 8-3331] design fix_to_flt_conv_exp has unconnected port A[15]" projectName="TestPorject" solutionName="solution1" date="2014-12-05T16:34:24.590+0100" type="Warning"/>
        <logs message="WARNING: [Synth 8-3331] design fix_to_flt_conv_exp has unconnected port A[16]" projectName="TestPorject" solutionName="solution1" date="2014-12-05T16:34:24.573+0100" type="Warning"/>
        <logs message="WARNING: [Synth 8-3331] design fix_to_flt_conv_exp has unconnected port A[17]" projectName="TestPorject" solutionName="solution1" date="2014-12-05T16:34:24.556+0100" type="Warning"/>
        <logs message="WARNING: [Synth 8-3331] design fix_to_flt_conv_exp has unconnected port A[18]" projectName="TestPorject" solutionName="solution1" date="2014-12-05T16:34:24.536+0100" type="Warning"/>
        <logs message="WARNING: [Synth 8-3331] design fix_to_flt_conv_exp has unconnected port A[19]" projectName="TestPorject" solutionName="solution1" date="2014-12-05T16:34:24.516+0100" type="Warning"/>
        <logs message="WARNING: [Synth 8-3331] design fix_to_flt_conv_exp has unconnected port A[20]" projectName="TestPorject" solutionName="solution1" date="2014-12-05T16:34:24.497+0100" type="Warning"/>
        <logs message="WARNING: [Synth 8-3331] design fix_to_flt_conv_exp has unconnected port A[21]" projectName="TestPorject" solutionName="solution1" date="2014-12-05T16:34:24.476+0100" type="Warning"/>
        <logs message="WARNING: [Synth 8-3331] design fix_to_flt_conv_exp has unconnected port A[22]" projectName="TestPorject" solutionName="solution1" date="2014-12-05T16:34:24.453+0100" type="Warning"/>
        <logs message="WARNING: [Synth 8-3331] design fix_to_flt_conv_exp has unconnected port A[23]" projectName="TestPorject" solutionName="solution1" date="2014-12-05T16:34:24.432+0100" type="Warning"/>
        <logs message="WARNING: [Synth 8-3331] design fix_to_flt_conv_exp has unconnected port A[24]" projectName="TestPorject" solutionName="solution1" date="2014-12-05T16:34:24.411+0100" type="Warning"/>
        <logs message="WARNING: [Synth 8-3331] design fix_to_flt_conv_exp has unconnected port A[25]" projectName="TestPorject" solutionName="solution1" date="2014-12-05T16:34:24.392+0100" type="Warning"/>
        <logs message="WARNING: [Synth 8-3331] design fix_to_flt_conv_exp has unconnected port A[26]" projectName="TestPorject" solutionName="solution1" date="2014-12-05T16:34:24.371+0100" type="Warning"/>
        <logs message="WARNING: [Synth 8-3331] design fix_to_flt_conv_exp has unconnected port A[27]" projectName="TestPorject" solutionName="solution1" date="2014-12-05T16:34:24.348+0100" type="Warning"/>
        <logs message="WARNING: [Synth 8-3331] design fix_to_flt_conv_exp has unconnected port A[28]" projectName="TestPorject" solutionName="solution1" date="2014-12-05T16:34:24.328+0100" type="Warning"/>
        <logs message="WARNING: [Synth 8-3331] design fix_to_flt_conv_exp has unconnected port A[29]" projectName="TestPorject" solutionName="solution1" date="2014-12-05T16:34:24.308+0100" type="Warning"/>
        <logs message="WARNING: [Synth 8-3331] design fix_to_flt_conv_exp has unconnected port A[30]" projectName="TestPorject" solutionName="solution1" date="2014-12-05T16:34:24.287+0100" type="Warning"/>
        <logs message="WARNING: [Synth 8-3331] design xbip_pipe_v3_0_3_viv__parameterized67 has unconnected port SINIT" projectName="TestPorject" solutionName="solution1" date="2014-12-05T16:34:24.266+0100" type="Warning"/>
        <logs message="WARNING: [Synth 8-3331] design xbip_pipe_v3_0_3_viv__parameterized67 has unconnected port SSET" projectName="TestPorject" solutionName="solution1" date="2014-12-05T16:34:24.248+0100" type="Warning"/>
        <logs message="WARNING: [Synth 8-3331] design xbip_pipe_v3_0_3_viv__parameterized67 has unconnected port SCLR" projectName="TestPorject" solutionName="solution1" date="2014-12-05T16:34:24.230+0100" type="Warning"/>
        <logs message="WARNING: [Synth 8-3331] design xbip_pipe_v3_0_3_viv__parameterized67 has unconnected port CE" projectName="TestPorject" solutionName="solution1" date="2014-12-05T16:34:24.212+0100" type="Warning"/>
        <logs message="WARNING: [Synth 8-3331] design xbip_pipe_v3_0_3_viv__parameterized67 has unconnected port CLK" projectName="TestPorject" solutionName="solution1" date="2014-12-05T16:34:24.192+0100" type="Warning"/>
        <logs message="WARNING: [Synth 8-3331] design xbip_pipe_v3_0_3_viv__parameterized92 has unconnected port SINIT" projectName="TestPorject" solutionName="solution1" date="2014-12-05T16:34:24.174+0100" type="Warning"/>
        <logs message="WARNING: [Synth 8-3331] design xbip_pipe_v3_0_3_viv__parameterized92 has unconnected port SSET" projectName="TestPorject" solutionName="solution1" date="2014-12-05T16:34:24.152+0100" type="Warning"/>
        <logs message="WARNING: [Synth 8-3331] design xbip_pipe_v3_0_3_viv__parameterized92 has unconnected port SCLR" projectName="TestPorject" solutionName="solution1" date="2014-12-05T16:34:24.133+0100" type="Warning"/>
        <logs message="WARNING: [Synth 8-3331] design flt_dec_op__parameterized0 has unconnected port DIVIDE_BY_ZERO_IN" projectName="TestPorject" solutionName="solution1" date="2014-12-05T16:34:24.112+0100" type="Warning"/>
        <logs message="WARNING: [Synth 8-3331] design flt_dec_op__parameterized0 has unconnected port DEC_OP_STATE[8]" projectName="TestPorject" solutionName="solution1" date="2014-12-05T16:34:24.092+0100" type="Warning"/>
        <logs message="WARNING: [Synth 8-3331] design flt_dec_op__parameterized0 has unconnected port DEC_OP_STATE[9]" projectName="TestPorject" solutionName="solution1" date="2014-12-05T16:34:24.073+0100" type="Warning"/>
        <logs message="WARNING: [Synth 8-3331] design flt_dec_op__parameterized0 has unconnected port DEC_OP_STATE[10]" projectName="TestPorject" solutionName="solution1" date="2014-12-05T16:34:24.051+0100" type="Warning"/>
        <logs message="WARNING: [Synth 8-3331] design flt_dec_op__parameterized0 has unconnected port DEC_OP_STATE[11]" projectName="TestPorject" solutionName="solution1" date="2014-12-05T16:34:24.033+0100" type="Warning"/>
        <logs message="WARNING: [Synth 8-3331] design xbip_pipe_v3_0_3_viv__parameterized3 has unconnected port SINIT" projectName="TestPorject" solutionName="solution1" date="2014-12-05T16:34:24.016+0100" type="Warning"/>
        <logs message="WARNING: [Synth 8-3331] design xbip_pipe_v3_0_3_viv__parameterized3 has unconnected port SSET" projectName="TestPorject" solutionName="solution1" date="2014-12-05T16:34:23.995+0100" type="Warning"/>
        <logs message="WARNING: [Synth 8-3331] design xbip_pipe_v3_0_3_viv__parameterized3 has unconnected port SCLR" projectName="TestPorject" solutionName="solution1" date="2014-12-05T16:34:23.975+0100" type="Warning"/>
        <logs message="WARNING: [Synth 8-3331] design carry_chain__parameterized12 has unconnected port B[31]" projectName="TestPorject" solutionName="solution1" date="2014-12-05T16:34:23.948+0100" type="Warning"/>
        <logs message="WARNING: [Synth 8-3331] design xbip_pipe_v3_0_3_viv__parameterized106 has unconnected port SINIT" projectName="TestPorject" solutionName="solution1" date="2014-12-05T16:34:23.925+0100" type="Warning"/>
        <logs message="WARNING: [Synth 8-3331] design xbip_pipe_v3_0_3_viv__parameterized106 has unconnected port SSET" projectName="TestPorject" solutionName="solution1" date="2014-12-05T16:34:23.903+0100" type="Warning"/>
        <logs message="WARNING: [Synth 8-3331] design xbip_pipe_v3_0_3_viv__parameterized106 has unconnected port SCLR" projectName="TestPorject" solutionName="solution1" date="2014-12-05T16:34:23.883+0100" type="Warning"/>
        <logs message="WARNING: [Synth 8-3331] design xbip_pipe_v3_0_3_viv__parameterized104 has unconnected port SINIT" projectName="TestPorject" solutionName="solution1" date="2014-12-05T16:34:23.863+0100" type="Warning"/>
        <logs message="WARNING: [Synth 8-3331] design xbip_pipe_v3_0_3_viv__parameterized104 has unconnected port SSET" projectName="TestPorject" solutionName="solution1" date="2014-12-05T16:34:23.842+0100" type="Warning"/>
        <logs message="WARNING: [Synth 8-3331] design xbip_pipe_v3_0_3_viv__parameterized104 has unconnected port SCLR" projectName="TestPorject" solutionName="solution1" date="2014-12-05T16:34:23.823+0100" type="Warning"/>
        <logs message="WARNING: [Synth 8-3331] design xbip_pipe_v3_0_3_viv__parameterized104 has unconnected port CE" projectName="TestPorject" solutionName="solution1" date="2014-12-05T16:34:23.803+0100" type="Warning"/>
        <logs message="WARNING: [Synth 8-3331] design xbip_pipe_v3_0_3_viv__parameterized104 has unconnected port CLK" projectName="TestPorject" solutionName="solution1" date="2014-12-05T16:34:23.784+0100" type="Warning"/>
        <logs message="WARNING: [Synth 8-3331] design xbip_pipe_v3_0_3_viv__parameterized5 has unconnected port SINIT" projectName="TestPorject" solutionName="solution1" date="2014-12-05T16:34:23.766+0100" type="Warning"/>
        <logs message="WARNING: [Synth 8-3331] design xbip_pipe_v3_0_3_viv__parameterized5 has unconnected port SSET" projectName="TestPorject" solutionName="solution1" date="2014-12-05T16:34:23.743+0100" type="Warning"/>
        <logs message="WARNING: [Synth 8-3331] design xbip_pipe_v3_0_3_viv__parameterized5 has unconnected port SCLR" projectName="TestPorject" solutionName="solution1" date="2014-12-05T16:34:23.724+0100" type="Warning"/>
        <logs message="WARNING: [Synth 8-3331] design xbip_pipe_v3_0_3_viv__parameterized5 has unconnected port CE" projectName="TestPorject" solutionName="solution1" date="2014-12-05T16:34:23.702+0100" type="Warning"/>
        <logs message="WARNING: [Synth 8-3331] design xbip_pipe_v3_0_3_viv__parameterized5 has unconnected port CLK" projectName="TestPorject" solutionName="solution1" date="2014-12-05T16:34:23.681+0100" type="Warning"/>
        <logs message="WARNING: [Synth 8-6014] Unused sequential element pixelOutput_we0_reg was removed.  [C:/Users/mathi/Desktop/Kandidat/Embedded/Project/testings/TestPorject/solution1/impl/vhdl/greyScale.vhd:362]" projectName="TestPorject" solutionName="solution1" date="2014-12-05T16:34:23.662+0100" type="Warning"/>
        <logs message="WARNING: [Synth 8-6014] Unused sequential element ap_ready_reg was removed.  [C:/Users/mathi/Desktop/Kandidat/Embedded/Project/testings/TestPorject/solution1/impl/vhdl/greyScale.vhd:354]" projectName="TestPorject" solutionName="solution1" date="2014-12-05T16:34:23.644+0100" type="Warning"/>
        <logs message="WARNING: [Synth 8-6014] Unused sequential element int_isr_reg was removed.  [C:/Users/mathi/Desktop/Kandidat/Embedded/Project/testings/TestPorject/solution1/impl/vhdl/greyScale_AXILiteS_s_axi.vhd:455]" projectName="TestPorject" solutionName="solution1" date="2014-12-05T16:34:13.812+0100" type="Warning"/>
        <logs message="WARNING: [Synth 8-6014] Unused sequential element int_isr_reg was removed.  [C:/Users/mathi/Desktop/Kandidat/Embedded/Project/testings/TestPorject/solution1/impl/vhdl/greyScale_AXILiteS_s_axi.vhd:348]" projectName="TestPorject" solutionName="solution1" date="2014-12-05T16:34:13.796+0100" type="Warning"/>
        <logs message="WARNING: [Synth 8-6014] Unused sequential element int_pixelOutput_address1_reg was removed.  [C:/Users/mathi/Desktop/Kandidat/Embedded/Project/testings/TestPorject/solution1/impl/vhdl/greyScale_AXILiteS_s_axi.vhd:226]" projectName="TestPorject" solutionName="solution1" date="2014-12-05T16:34:13.780+0100" type="Warning"/>
        <logs message="WARNING: [Synth 8-6014] Unused sequential element int_pixelOutput_shift_reg was removed.  [C:/Users/mathi/Desktop/Kandidat/Embedded/Project/testings/TestPorject/solution1/impl/vhdl/greyScale_AXILiteS_s_axi.vhd:568]" projectName="TestPorject" solutionName="solution1" date="2014-12-05T16:34:13.761+0100" type="Warning"/>
        <logs message="WARNING: [Synth 8-6014] Unused sequential element gen_write[3].mem_reg was removed. " projectName="TestPorject" solutionName="solution1" date="2014-12-05T16:34:13.743+0100" type="Warning"/>
        <logs message="WARNING: [Synth 8-6014] Unused sequential element gen_write[3].mem_reg was removed. " projectName="TestPorject" solutionName="solution1" date="2014-12-05T16:34:13.722+0100" type="Warning"/>
        <logs message="WARNING: [Synth 8-6014] Unused sequential element gen_write[2].mem_reg was removed. " projectName="TestPorject" solutionName="solution1" date="2014-12-05T16:34:13.700+0100" type="Warning"/>
        <logs message="WARNING: [Synth 8-6014] Unused sequential element gen_write[2].mem_reg was removed. " projectName="TestPorject" solutionName="solution1" date="2014-12-05T16:34:13.680+0100" type="Warning"/>
        <logs message="WARNING: [Synth 8-6014] Unused sequential element gen_write[0].mem_reg was removed. " projectName="TestPorject" solutionName="solution1" date="2014-12-05T16:34:13.659+0100" type="Warning"/>
        <logs message="WARNING: [Synth 8-6014] Unused sequential element gen_write[0].mem_reg was removed. " projectName="TestPorject" solutionName="solution1" date="2014-12-05T16:34:13.637+0100" type="Warning"/>
        <logs message="WARNING: [IP_Flow 19-4832] The IP name 'greyScale_ap_sitodp_4_no_dsp_32' you have specified is long. The Windows operating system has path length limitations. It is recommended you use shorter names to reduce the likelihood of issues." projectName="TestPorject" solutionName="solution1" date="2014-12-05T16:33:42.163+0100" type="Warning"/>
        <logs message="WARNING: [IP_Flow 19-4832] The IP name 'greyScale_ap_dmul_4_max_dsp_64' you have specified is long. The Windows operating system has path length limitations. It is recommended you use shorter names to reduce the likelihood of issues." projectName="TestPorject" solutionName="solution1" date="2014-12-05T16:33:38.002+0100" type="Warning"/>
        <logs message="WARNING: [IP_Flow 19-4832] The IP name 'greyScale_ap_dadd_3_full_dsp_64' you have specified is long. The Windows operating system has path length limitations. It is recommended you use shorter names to reduce the likelihood of issues." projectName="TestPorject" solutionName="solution1" date="2014-12-05T16:33:31.808+0100" type="Warning"/>
        <logs message="WARNING: [IP_Flow 19-4832] The IP name 'greyScale_ap_sitodp_4_no_dsp_32' you have specified is long. The Windows operating system has path length limitations. It is recommended you use shorter names to reduce the likelihood of issues." projectName="TestPorject" solutionName="solution1" date="2014-12-05T16:33:15.789+0100" type="Warning"/>
        <logs message="WARNING: [IP_Flow 19-4832] The IP name 'greyScale_ap_dmul_4_max_dsp_64' you have specified is long. The Windows operating system has path length limitations. It is recommended you use shorter names to reduce the likelihood of issues." projectName="TestPorject" solutionName="solution1" date="2014-12-05T16:33:11.473+0100" type="Warning"/>
        <logs message="WARNING: [IP_Flow 19-4832] The IP name 'greyScale_ap_dadd_3_full_dsp_64' you have specified is long. The Windows operating system has path length limitations. It is recommended you use shorter names to reduce the likelihood of issues." projectName="TestPorject" solutionName="solution1" date="2014-12-05T16:33:05.009+0100" type="Warning"/>
      </packageLog>
      <csimLog/>
    </logs>
  </warningLogs>
</vivadoHLSLog:LogRoot>
