<?xml version="1.0" encoding="UTF-8"?>
<vivadoHLSLog:LogRoot xmlns:vivadoHLSLog="www.xilinx.com/vivadoHLSLog">
  <errorLogs>
    <logs>
      <synLog/>
      <simLog/>
      <mgLog/>
      <packageLog>
        <logs message="ERROR: [IMPL 213-28] Failed to generate IP.&#xD;&#xA;command 'ap_source' returned error code&#xD;&#xA;    while executing&#xD;&#xA;&quot;source C:/Users/mathi/Desktop/Kandidat/Embedded/Project/testings/TestPorject/solution1/export.tcl&quot;&#xD;&#xA;    invoked from within&#xD;&#xA;&quot;hls::main C:/Users/mathi/Desktop/Kandidat/Embedded/Project/testings/TestPorject/solution1/export.tcl&quot;&#xD;&#xA;    (&quot;uplevel&quot; body line 1)&#xD;&#xA;    invoked from within&#xD;&#xA;&quot;uplevel 1 hls::main {*}$args&quot;&#xD;&#xA;    (procedure &quot;hls_proc&quot; line 5)&#xD;&#xA;    invoked from within&#xD;&#xA;&quot;hls_proc $argv&quot;&#xD;&#xA;" projectName="TestPorject" solutionName="solution1" date="2022-12-05T11:18:10.985+0100"/>
      </packageLog>
      <csimLog/>
    </logs>
  </errorLogs>
  <warningLogs>
    <logs>
      <synLog>
        <logs message="WARNING: [HLS 200-40] TestPorject/dataflow.c:30:51: warning: sizeof on array function parameter will return size of 'char *' instead of 'char [450]' [-Wsizeof-array-argument]&#xD;&#xA;                        for(int pixelStart ; pixelStart &lt; sizeof(pixelInput) ; pixelStart = pixelStart +3){&#xD;&#xA;                                                                ^&#xD;&#xA;TestPorject/dataflow.c:20:21: note: declared here&#xD;&#xA;void greyScale(char pixelInput[450] , char pixelOutput[450]){&#xD;&#xA;                    ^&#xD;&#xA;1 warning generated." projectName="TestPorject" solutionName="solution1" date="2022-12-05T11:16:46.781+0100" type="Warning"/>
      </synLog>
      <simLog/>
      <mgLog/>
      <packageLog>
        <logs message="WARNING: [Synth 8-3332] Sequential element (greyScale_dmul_64cud_U2/din1_buf1_reg[32]) is unused and will be removed from module greyScale." projectName="TestPorject" solutionName="solution1" date="2012-12-05T11:19:42.580+0100" type="Warning"/>
        <logs message="WARNING: [Synth 8-3332] Sequential element (greyScale_dmul_64cud_U2/din1_buf1_reg[33]) is unused and will be removed from module greyScale." projectName="TestPorject" solutionName="solution1" date="2012-12-05T11:19:42.580+0100" type="Warning"/>
        <logs message="WARNING: [Synth 8-3332] Sequential element (greyScale_dmul_64cud_U2/din1_buf1_reg[34]) is unused and will be removed from module greyScale." projectName="TestPorject" solutionName="solution1" date="2012-12-05T11:19:42.564+0100" type="Warning"/>
        <logs message="WARNING: [Synth 8-3332] Sequential element (greyScale_dmul_64cud_U2/din1_buf1_reg[35]) is unused and will be removed from module greyScale." projectName="TestPorject" solutionName="solution1" date="2012-12-05T11:19:42.549+0100" type="Warning"/>
        <logs message="WARNING: [Synth 8-3332] Sequential element (greyScale_dmul_64cud_U2/din1_buf1_reg[36]) is unused and will be removed from module greyScale." projectName="TestPorject" solutionName="solution1" date="2012-12-05T11:19:42.533+0100" type="Warning"/>
        <logs message="WARNING: [Synth 8-3332] Sequential element (greyScale_dmul_64cud_U2/din1_buf1_reg[37]) is unused and will be removed from module greyScale." projectName="TestPorject" solutionName="solution1" date="2012-12-05T11:19:42.533+0100" type="Warning"/>
        <logs message="WARNING: [Synth 8-3332] Sequential element (greyScale_dmul_64cud_U2/din1_buf1_reg[38]) is unused and will be removed from module greyScale." projectName="TestPorject" solutionName="solution1" date="2012-12-05T11:19:42.518+0100" type="Warning"/>
        <logs message="WARNING: [Synth 8-3332] Sequential element (greyScale_dmul_64cud_U2/din1_buf1_reg[39]) is unused and will be removed from module greyScale." projectName="TestPorject" solutionName="solution1" date="2012-12-05T11:19:42.502+0100" type="Warning"/>
        <logs message="WARNING: [Synth 8-3332] Sequential element (greyScale_dmul_64cud_U2/din1_buf1_reg[40]) is unused and will be removed from module greyScale." projectName="TestPorject" solutionName="solution1" date="2012-12-05T11:19:42.502+0100" type="Warning"/>
        <logs message="WARNING: [Synth 8-3332] Sequential element (greyScale_dmul_64cud_U2/din1_buf1_reg[41]) is unused and will be removed from module greyScale." projectName="TestPorject" solutionName="solution1" date="2012-12-05T11:19:42.486+0100" type="Warning"/>
        <logs message="WARNING: [Synth 8-3332] Sequential element (greyScale_dmul_64cud_U2/din1_buf1_reg[42]) is unused and will be removed from module greyScale." projectName="TestPorject" solutionName="solution1" date="2012-12-05T11:19:42.471+0100" type="Warning"/>
        <logs message="WARNING: [Synth 8-3332] Sequential element (greyScale_dmul_64cud_U2/din1_buf1_reg[43]) is unused and will be removed from module greyScale." projectName="TestPorject" solutionName="solution1" date="2012-12-05T11:19:42.471+0100" type="Warning"/>
        <logs message="WARNING: [Synth 8-3332] Sequential element (greyScale_dmul_64cud_U2/din1_buf1_reg[44]) is unused and will be removed from module greyScale." projectName="TestPorject" solutionName="solution1" date="2012-12-05T11:19:42.455+0100" type="Warning"/>
        <logs message="WARNING: [Synth 8-3332] Sequential element (greyScale_dmul_64cud_U2/din1_buf1_reg[45]) is unused and will be removed from module greyScale." projectName="TestPorject" solutionName="solution1" date="2012-12-05T11:19:42.440+0100" type="Warning"/>
        <logs message="WARNING: [Synth 8-3332] Sequential element (greyScale_dmul_64cud_U2/din1_buf1_reg[46]) is unused and will be removed from module greyScale." projectName="TestPorject" solutionName="solution1" date="2012-12-05T11:19:42.440+0100" type="Warning"/>
        <logs message="WARNING: [Synth 8-3332] Sequential element (greyScale_dmul_64cud_U2/din1_buf1_reg[47]) is unused and will be removed from module greyScale." projectName="TestPorject" solutionName="solution1" date="2012-12-05T11:19:42.424+0100" type="Warning"/>
        <logs message="WARNING: [Synth 8-3332] Sequential element (greyScale_dmul_64cud_U2/din1_buf1_reg[48]) is unused and will be removed from module greyScale." projectName="TestPorject" solutionName="solution1" date="2012-12-05T11:19:42.408+0100" type="Warning"/>
        <logs message="WARNING: [Synth 8-3332] Sequential element (greyScale_dmul_64cud_U2/din1_buf1_reg[49]) is unused and will be removed from module greyScale." projectName="TestPorject" solutionName="solution1" date="2012-12-05T11:19:42.408+0100" type="Warning"/>
        <logs message="WARNING: [Synth 8-3332] Sequential element (greyScale_dmul_64cud_U2/din1_buf1_reg[50]) is unused and will be removed from module greyScale." projectName="TestPorject" solutionName="solution1" date="2012-12-05T11:19:42.393+0100" type="Warning"/>
        <logs message="WARNING: [Synth 8-3332] Sequential element (greyScale_dmul_64cud_U2/din1_buf1_reg[51]) is unused and will be removed from module greyScale." projectName="TestPorject" solutionName="solution1" date="2012-12-05T11:19:42.393+0100" type="Warning"/>
        <logs message="WARNING: [Synth 8-3332] Sequential element (greyScale_dmul_64cud_U2/din1_buf1_reg[52]) is unused and will be removed from module greyScale." projectName="TestPorject" solutionName="solution1" date="2012-12-05T11:19:42.377+0100" type="Warning"/>
        <logs message="WARNING: [Synth 8-3332] Sequential element (greyScale_dmul_64cud_U2/din1_buf1_reg[53]) is unused and will be removed from module greyScale." projectName="TestPorject" solutionName="solution1" date="2012-12-05T11:19:42.361+0100" type="Warning"/>
        <logs message="WARNING: [Synth 8-3332] Sequential element (greyScale_dmul_64cud_U2/din1_buf1_reg[54]) is unused and will be removed from module greyScale." projectName="TestPorject" solutionName="solution1" date="2012-12-05T11:19:42.361+0100" type="Warning"/>
        <logs message="WARNING: [Synth 8-3332] Sequential element (greyScale_dmul_64cud_U2/din1_buf1_reg[55]) is unused and will be removed from module greyScale." projectName="TestPorject" solutionName="solution1" date="2012-12-05T11:19:42.346+0100" type="Warning"/>
        <logs message="WARNING: [Synth 8-3332] Sequential element (greyScale_dmul_64cud_U2/din1_buf1_reg[56]) is unused and will be removed from module greyScale." projectName="TestPorject" solutionName="solution1" date="2012-12-05T11:19:42.330+0100" type="Warning"/>
        <logs message="WARNING: [Synth 8-3332] Sequential element (greyScale_dmul_64cud_U2/din1_buf1_reg[57]) is unused and will be removed from module greyScale." projectName="TestPorject" solutionName="solution1" date="2012-12-05T11:19:42.330+0100" type="Warning"/>
        <logs message="WARNING: [Synth 8-3332] Sequential element (greyScale_dmul_64cud_U2/din1_buf1_reg[58]) is unused and will be removed from module greyScale." projectName="TestPorject" solutionName="solution1" date="2012-12-05T11:19:42.314+0100" type="Warning"/>
        <logs message="WARNING: [Synth 8-3332] Sequential element (greyScale_dmul_64cud_U2/din1_buf1_reg[59]) is unused and will be removed from module greyScale." projectName="TestPorject" solutionName="solution1" date="2012-12-05T11:19:42.314+0100" type="Warning"/>
        <logs message="WARNING: [Synth 8-3332] Sequential element (greyScale_dmul_64cud_U2/din1_buf1_reg[60]) is unused and will be removed from module greyScale." projectName="TestPorject" solutionName="solution1" date="2012-12-05T11:19:42.299+0100" type="Warning"/>
        <logs message="WARNING: [Synth 8-3332] Sequential element (greyScale_dmul_64cud_U2/din1_buf1_reg[61]) is unused and will be removed from module greyScale." projectName="TestPorject" solutionName="solution1" date="2012-12-05T11:19:42.283+0100" type="Warning"/>
        <logs message="WARNING: [Synth 8-3332] Sequential element (greyScale_dmul_64cud_U2/din1_buf1_reg[62]) is unused and will be removed from module greyScale." projectName="TestPorject" solutionName="solution1" date="2012-12-05T11:19:42.283+0100" type="Warning"/>
        <logs message="WARNING: [Synth 8-3332] Sequential element (greyScale_dmul_64cud_U2/din1_buf1_reg[63]) is unused and will be removed from module greyScale." projectName="TestPorject" solutionName="solution1" date="2012-12-05T11:19:42.268+0100" type="Warning"/>
        <logs message="WARNING: [Synth 8-3332] Sequential element (greyScale_dmul_64cud_U1/din1_buf1_reg[0]) is unused and will be removed from module greyScale." projectName="TestPorject" solutionName="solution1" date="2012-12-05T11:19:42.252+0100" type="Warning"/>
        <logs message="WARNING: [Synth 8-3332] Sequential element (greyScale_dmul_64cud_U1/din1_buf1_reg[2]) is unused and will be removed from module greyScale." projectName="TestPorject" solutionName="solution1" date="2012-12-05T11:19:42.252+0100" type="Warning"/>
        <logs message="WARNING: [Synth 8-3332] Sequential element (greyScale_dmul_64cud_U1/din1_buf1_reg[5]) is unused and will be removed from module greyScale." projectName="TestPorject" solutionName="solution1" date="2012-12-05T11:19:42.236+0100" type="Warning"/>
        <logs message="WARNING: [Synth 8-3332] Sequential element (greyScale_dmul_64cud_U1/din1_buf1_reg[6]) is unused and will be removed from module greyScale." projectName="TestPorject" solutionName="solution1" date="2012-12-05T11:19:42.236+0100" type="Warning"/>
        <logs message="WARNING: [Synth 8-3332] Sequential element (greyScale_dmul_64cud_U1/din1_buf1_reg[7]) is unused and will be removed from module greyScale." projectName="TestPorject" solutionName="solution1" date="2012-12-05T11:19:42.221+0100" type="Warning"/>
        <logs message="WARNING: [Synth 8-3332] Sequential element (greyScale_dmul_64cud_U1/din1_buf1_reg[12]) is unused and will be removed from module greyScale." projectName="TestPorject" solutionName="solution1" date="2012-12-05T11:19:42.205+0100" type="Warning"/>
        <logs message="WARNING: [Synth 8-3332] Sequential element (greyScale_dmul_64cud_U1/din1_buf1_reg[15]) is unused and will be removed from module greyScale." projectName="TestPorject" solutionName="solution1" date="2012-12-05T11:19:42.205+0100" type="Warning"/>
        <logs message="WARNING: [Synth 8-3332] Sequential element (greyScale_dmul_64cud_U1/din1_buf1_reg[16]) is unused and will be removed from module greyScale." projectName="TestPorject" solutionName="solution1" date="2012-12-05T11:19:42.189+0100" type="Warning"/>
        <logs message="WARNING: [Synth 8-3332] Sequential element (greyScale_dmul_64cud_U1/din1_buf1_reg[17]) is unused and will be removed from module greyScale." projectName="TestPorject" solutionName="solution1" date="2012-12-05T11:19:42.174+0100" type="Warning"/>
        <logs message="WARNING: [Synth 8-3332] Sequential element (greyScale_dmul_64cud_U1/din1_buf1_reg[22]) is unused and will be removed from module greyScale." projectName="TestPorject" solutionName="solution1" date="2012-12-05T11:19:42.174+0100" type="Warning"/>
        <logs message="WARNING: [Synth 8-3332] Sequential element (greyScale_dmul_64cud_U1/din1_buf1_reg[25]) is unused and will be removed from module greyScale." projectName="TestPorject" solutionName="solution1" date="2012-12-05T11:19:42.158+0100" type="Warning"/>
        <logs message="WARNING: [Synth 8-3332] Sequential element (greyScale_dmul_64cud_U1/din1_buf1_reg[26]) is unused and will be removed from module greyScale." projectName="TestPorject" solutionName="solution1" date="2012-12-05T11:19:42.158+0100" type="Warning"/>
        <logs message="WARNING: [Synth 8-3332] Sequential element (greyScale_dmul_64cud_U1/din1_buf1_reg[27]) is unused and will be removed from module greyScale." projectName="TestPorject" solutionName="solution1" date="2012-12-05T11:19:42.143+0100" type="Warning"/>
        <logs message="WARNING: [Synth 8-3332] Sequential element (greyScale_dmul_64cud_U1/din1_buf1_reg[32]) is unused and will be removed from module greyScale." projectName="TestPorject" solutionName="solution1" date="2012-12-05T11:19:42.127+0100" type="Warning"/>
        <logs message="WARNING: [Synth 8-3332] Sequential element (greyScale_dmul_64cud_U1/din1_buf1_reg[35]) is unused and will be removed from module greyScale." projectName="TestPorject" solutionName="solution1" date="2012-12-05T11:19:42.127+0100" type="Warning"/>
        <logs message="WARNING: [Synth 8-3332] Sequential element (greyScale_dmul_64cud_U1/din1_buf1_reg[36]) is unused and will be removed from module greyScale." projectName="TestPorject" solutionName="solution1" date="2012-12-05T11:19:42.111+0100" type="Warning"/>
        <logs message="WARNING: [Synth 8-3332] Sequential element (greyScale_dmul_64cud_U1/din1_buf1_reg[37]) is unused and will be removed from module greyScale." projectName="TestPorject" solutionName="solution1" date="2012-12-05T11:19:42.111+0100" type="Warning"/>
        <logs message="WARNING: [Synth 8-3332] Sequential element (greyScale_dmul_64cud_U1/din1_buf1_reg[42]) is unused and will be removed from module greyScale." projectName="TestPorject" solutionName="solution1" date="2012-12-05T11:19:42.096+0100" type="Warning"/>
        <logs message="WARNING: [Synth 8-3332] Sequential element (greyScale_dmul_64cud_U1/din1_buf1_reg[45]) is unused and will be removed from module greyScale." projectName="TestPorject" solutionName="solution1" date="2012-12-05T11:19:42.080+0100" type="Warning"/>
        <logs message="WARNING: [Synth 8-3332] Sequential element (greyScale_dmul_64cud_U1/din1_buf1_reg[46]) is unused and will be removed from module greyScale." projectName="TestPorject" solutionName="solution1" date="2012-12-05T11:19:42.080+0100" type="Warning"/>
        <logs message="WARNING: [Synth 8-3332] Sequential element (greyScale_dmul_64cud_U1/din1_buf1_reg[47]) is unused and will be removed from module greyScale." projectName="TestPorject" solutionName="solution1" date="2012-12-05T11:19:42.064+0100" type="Warning"/>
        <logs message="WARNING: [Synth 8-3332] Sequential element (greyScale_dmul_64cud_U1/din1_buf1_reg[52]) is unused and will be removed from module greyScale." projectName="TestPorject" solutionName="solution1" date="2012-12-05T11:19:42.064+0100" type="Warning"/>
        <logs message="WARNING: [Synth 8-3332] Sequential element (greyScale_dmul_64cud_U1/din1_buf1_reg[55]) is unused and will be removed from module greyScale." projectName="TestPorject" solutionName="solution1" date="2012-12-05T11:19:42.049+0100" type="Warning"/>
        <logs message="WARNING: [Synth 8-3332] Sequential element (greyScale_dmul_64cud_U1/din1_buf1_reg[56]) is unused and will be removed from module greyScale." projectName="TestPorject" solutionName="solution1" date="2012-12-05T11:19:42.033+0100" type="Warning"/>
        <logs message="WARNING: [Synth 8-3332] Sequential element (greyScale_dmul_64cud_U1/din1_buf1_reg[57]) is unused and will be removed from module greyScale." projectName="TestPorject" solutionName="solution1" date="2012-12-05T11:19:42.033+0100" type="Warning"/>
        <logs message="WARNING: [Synth 8-3332] Sequential element (greyScale_dmul_64cud_U1/din1_buf1_reg[58]) is unused and will be removed from module greyScale." projectName="TestPorject" solutionName="solution1" date="2012-12-05T11:19:42.018+0100" type="Warning"/>
        <logs message="WARNING: [Synth 8-3332] Sequential element (greyScale_dmul_64cud_U1/din1_buf1_reg[59]) is unused and will be removed from module greyScale." projectName="TestPorject" solutionName="solution1" date="2012-12-05T11:19:42.018+0100" type="Warning"/>
        <logs message="WARNING: [Synth 8-3332] Sequential element (greyScale_dmul_64cud_U1/din1_buf1_reg[60]) is unused and will be removed from module greyScale." projectName="TestPorject" solutionName="solution1" date="2012-12-05T11:19:42.002+0100" type="Warning"/>
        <logs message="WARNING: [Synth 8-3332] Sequential element (greyScale_dmul_64cud_U1/din1_buf1_reg[61]) is unused and will be removed from module greyScale." projectName="TestPorject" solutionName="solution1" date="2012-12-05T11:19:41.986+0100" type="Warning"/>
        <logs message="WARNING: [Synth 8-3332] Sequential element (greyScale_dmul_64cud_U1/din1_buf1_reg[62]) is unused and will be removed from module greyScale." projectName="TestPorject" solutionName="solution1" date="2012-12-05T11:19:41.986+0100" type="Warning"/>
        <logs message="WARNING: [Synth 8-3332] Sequential element (greyScale_dmul_64cud_U1/din1_buf1_reg[63]) is unused and will be removed from module greyScale." projectName="TestPorject" solutionName="solution1" date="2012-12-05T11:19:41.971+0100" type="Warning"/>
        <logs message="WARNING: [Synth 8-3332] Sequential element (sum4_cast_reg_442_reg[9]) is unused and will be removed from module greyScale." projectName="TestPorject" solutionName="solution1" date="2012-12-05T11:19:41.955+0100" type="Warning"/>
        <logs message="WARNING: [Synth 8-3332] Sequential element (sum2_cast_reg_417_reg[9]) is unused and will be removed from module greyScale." projectName="TestPorject" solutionName="solution1" date="2012-12-05T11:19:41.955+0100" type="Warning"/>
        <logs message="WARNING: [Synth 8-3332] Sequential element (greyScale_AXILiteS_s_axi_U/rstate_reg[2]) is unused and will be removed from module greyScale." projectName="TestPorject" solutionName="solution1" date="2012-12-05T11:19:41.940+0100" type="Warning"/>
        <logs message="WARNING: [Synth 8-3332] Sequential element (greyScale_AXILiteS_s_axi_U/wstate_reg[2]) is unused and will be removed from module greyScale." projectName="TestPorject" solutionName="solution1" date="2012-12-05T11:19:41.940+0100" type="Warning"/>
        <logs message="WARNING: [Synth 8-3332] Sequential element (i_64) is unused and will be removed from module greyScale." projectName="TestPorject" solutionName="solution1" date="2012-12-05T11:19:41.924+0100" type="Warning"/>
        <logs message="WARNING: [Synth 8-3332] Sequential element (i_62) is unused and will be removed from module greyScale." projectName="TestPorject" solutionName="solution1" date="2012-12-05T11:19:41.924+0100" type="Warning"/>
        <logs message="WARNING: [Synth 8-3332] Sequential element (i_60) is unused and will be removed from module greyScale." projectName="TestPorject" solutionName="solution1" date="2012-12-05T11:19:41.908+0100" type="Warning"/>
        <logs message="WARNING: [Synth 8-3332] Sequential element (i_58) is unused and will be removed from module greyScale." projectName="TestPorject" solutionName="solution1" date="2012-12-05T11:19:41.893+0100" type="Warning"/>
        <logs message="WARNING: [Synth 8-3332] Sequential element (i_56) is unused and will be removed from module greyScale." projectName="TestPorject" solutionName="solution1" date="2012-12-05T11:19:41.893+0100" type="Warning"/>
        <logs message="WARNING: [Synth 8-3332] Sequential element (i_54) is unused and will be removed from module greyScale." projectName="TestPorject" solutionName="solution1" date="2012-12-05T11:19:41.877+0100" type="Warning"/>
        <logs message="WARNING: [Synth 8-3332] Sequential element (i_52) is unused and will be removed from module greyScale." projectName="TestPorject" solutionName="solution1" date="2012-12-05T11:19:41.877+0100" type="Warning"/>
        <logs message="WARNING: [Synth 8-3332] Sequential element (i_50) is unused and will be removed from module greyScale." projectName="TestPorject" solutionName="solution1" date="2012-12-05T11:19:41.861+0100" type="Warning"/>
        <logs message="WARNING: [Synth 8-3332] Sequential element (i_48) is unused and will be removed from module greyScale." projectName="TestPorject" solutionName="solution1" date="2012-12-05T11:19:41.861+0100" type="Warning"/>
        <logs message="WARNING: [Synth 8-3332] Sequential element (i_46) is unused and will be removed from module greyScale." projectName="TestPorject" solutionName="solution1" date="2012-12-05T11:19:41.846+0100" type="Warning"/>
        <logs message="WARNING: [Synth 8-3332] Sequential element (i_44) is unused and will be removed from module greyScale." projectName="TestPorject" solutionName="solution1" date="2012-12-05T11:19:41.830+0100" type="Warning"/>
        <logs message="WARNING: [Synth 8-3332] Sequential element (i_42) is unused and will be removed from module greyScale." projectName="TestPorject" solutionName="solution1" date="2012-12-05T11:19:41.830+0100" type="Warning"/>
        <logs message="WARNING: [Synth 8-3332] Sequential element (i_40) is unused and will be removed from module greyScale." projectName="TestPorject" solutionName="solution1" date="2012-12-05T11:19:41.815+0100" type="Warning"/>
        <logs message="WARNING: [Synth 8-3332] Sequential element (i_38) is unused and will be removed from module greyScale." projectName="TestPorject" solutionName="solution1" date="2012-12-05T11:19:41.815+0100" type="Warning"/>
        <logs message="WARNING: [Synth 8-3332] Sequential element (i_36) is unused and will be removed from module greyScale." projectName="TestPorject" solutionName="solution1" date="2012-12-05T11:19:41.799+0100" type="Warning"/>
        <logs message="WARNING: [Synth 8-3332] Sequential element (i_34) is unused and will be removed from module greyScale." projectName="TestPorject" solutionName="solution1" date="2012-12-05T11:19:41.799+0100" type="Warning"/>
        <logs message="WARNING: [Synth 8-3332] Sequential element (i_32) is unused and will be removed from module greyScale." projectName="TestPorject" solutionName="solution1" date="2012-12-05T11:19:41.783+0100" type="Warning"/>
        <logs message="WARNING: [Synth 8-3332] Sequential element (i_30) is unused and will be removed from module greyScale." projectName="TestPorject" solutionName="solution1" date="2012-12-05T11:19:41.783+0100" type="Warning"/>
        <logs message="WARNING: [Synth 8-3332] Sequential element (i_28) is unused and will be removed from module greyScale." projectName="TestPorject" solutionName="solution1" date="2012-12-05T11:19:41.768+0100" type="Warning"/>
        <logs message="WARNING: [Synth 8-3332] Sequential element (i_26) is unused and will be removed from module greyScale." projectName="TestPorject" solutionName="solution1" date="2012-12-05T11:19:41.768+0100" type="Warning"/>
        <logs message="WARNING: [Synth 8-3332] Sequential element (i_24) is unused and will be removed from module greyScale." projectName="TestPorject" solutionName="solution1" date="2012-12-05T11:19:41.752+0100" type="Warning"/>
        <logs message="WARNING: [Synth 8-3332] Sequential element (i_22) is unused and will be removed from module greyScale." projectName="TestPorject" solutionName="solution1" date="2012-12-05T11:19:41.736+0100" type="Warning"/>
        <logs message="WARNING: [Synth 8-3332] Sequential element (i_20) is unused and will be removed from module greyScale." projectName="TestPorject" solutionName="solution1" date="2012-12-05T11:19:41.736+0100" type="Warning"/>
        <logs message="WARNING: [Synth 8-3332] Sequential element (i_18) is unused and will be removed from module greyScale." projectName="TestPorject" solutionName="solution1" date="2012-12-05T11:19:41.721+0100" type="Warning"/>
        <logs message="WARNING: [Synth 8-3332] Sequential element (i_16) is unused and will be removed from module greyScale." projectName="TestPorject" solutionName="solution1" date="2012-12-05T11:19:41.721+0100" type="Warning"/>
        <logs message="WARNING: [Synth 8-3332] Sequential element (i_14) is unused and will be removed from module greyScale." projectName="TestPorject" solutionName="solution1" date="2012-12-05T11:19:41.705+0100" type="Warning"/>
        <logs message="WARNING: [Synth 8-3332] Sequential element (i_12) is unused and will be removed from module greyScale." projectName="TestPorject" solutionName="solution1" date="2012-12-05T11:19:41.689+0100" type="Warning"/>
        <logs message="WARNING: [Synth 8-3332] Sequential element (i_10) is unused and will be removed from module greyScale." projectName="TestPorject" solutionName="solution1" date="2012-12-05T11:19:41.689+0100" type="Warning"/>
        <logs message="WARNING: [Synth 8-3332] Sequential element (i_8) is unused and will be removed from module greyScale." projectName="TestPorject" solutionName="solution1" date="2012-12-05T11:19:41.674+0100" type="Warning"/>
        <logs message="WARNING: [Synth 8-3332] Sequential element (i_6) is unused and will be removed from module greyScale." projectName="TestPorject" solutionName="solution1" date="2012-12-05T11:19:41.674+0100" type="Warning"/>
        <logs message="WARNING: [Synth 8-3332] Sequential element (i_4) is unused and will be removed from module greyScale." projectName="TestPorject" solutionName="solution1" date="2012-12-05T11:19:41.658+0100" type="Warning"/>
        <logs message="WARNING: [Synth 8-3332] Sequential element (i_2) is unused and will be removed from module greyScale." projectName="TestPorject" solutionName="solution1" date="2012-12-05T11:19:41.658+0100" type="Warning"/>
        <logs message="WARNING: [Synth 8-3332] Sequential element (i_0) is unused and will be removed from module greyScale." projectName="TestPorject" solutionName="solution1" date="2012-12-05T11:19:41.643+0100" type="Warning"/>
        <logs message="WARNING: [Synth 8-6014] Unused sequential element greyScale_AXILiteS_s_axi_U/int_pixelOutput/q0_reg was removed.  [C:/Users/mathi/Desktop/Kandidat/Embedded/Project/testings/TestPorject/solution1/impl/vhdl/greyScale_AXILiteS_s_axi.vhd:639]" projectName="TestPorject" solutionName="solution1" date="2012-12-05T11:19:41.627+0100" type="Warning"/>
        <logs message="WARNING: [Synth 8-6014] Unused sequential element pixelStart_1_fu_84_reg was removed.  [C:/Users/mathi/Desktop/Kandidat/Embedded/Project/testings/TestPorject/solution1/impl/vhdl/greyScale.vhd:474]" projectName="TestPorject" solutionName="solution1" date="2012-12-05T11:19:41.627+0100" type="Warning"/>
        <logs message="WARNING: [Synth 8-6014] Unused sequential element pixelStart_1_fu_84_reg was removed.  [C:/Users/mathi/Desktop/Kandidat/Embedded/Project/testings/TestPorject/solution1/impl/vhdl/greyScale.vhd:474]" projectName="TestPorject" solutionName="solution1" date="2012-12-05T11:19:41.611+0100" type="Warning"/>
        <logs message="WARNING: [Synth 8-6014] Unused sequential element int_pixelInput_shift_reg was removed.  [C:/Users/mathi/Desktop/Kandidat/Embedded/Project/testings/TestPorject/solution1/impl/vhdl/greyScale_AXILiteS_s_axi.vhd:474]" projectName="TestPorject" solutionName="solution1" date="2012-12-05T11:19:41.596+0100" type="Warning"/>
        <logs message="WARNING: [Synth 8-3331] design xbip_pipe_v3_0_3_viv__parameterized61 has unconnected port SSET" projectName="TestPorject" solutionName="solution1" date="2012-12-05T11:19:27.702+0100" type="Warning"/>
        <logs message="WARNING: [Synth 8-3331] design xbip_pipe_v3_0_3_viv__parameterized61 has unconnected port SCLR" projectName="TestPorject" solutionName="solution1" date="2012-12-05T11:19:27.702+0100" type="Warning"/>
        <logs message="WARNING: [Synth 8-3331] design xbip_pipe_v3_0_3_viv__parameterized61 has unconnected port CE" projectName="TestPorject" solutionName="solution1" date="2012-12-05T11:19:27.686+0100" type="Warning"/>
        <logs message="WARNING: [Synth 8-3331] design xbip_pipe_v3_0_3_viv__parameterized61 has unconnected port CLK" projectName="TestPorject" solutionName="solution1" date="2012-12-05T11:19:27.686+0100" type="Warning"/>
        <logs message="WARNING: [Synth 8-3331] design xbip_pipe_v3_0_3_viv__parameterized7 has unconnected port SINIT" projectName="TestPorject" solutionName="solution1" date="2012-12-05T11:19:27.671+0100" type="Warning"/>
        <logs message="WARNING: [Synth 8-3331] design xbip_pipe_v3_0_3_viv__parameterized7 has unconnected port SSET" projectName="TestPorject" solutionName="solution1" date="2012-12-05T11:19:27.671+0100" type="Warning"/>
        <logs message="WARNING: [Synth 8-3331] design xbip_pipe_v3_0_3_viv__parameterized7 has unconnected port SCLR" projectName="TestPorject" solutionName="solution1" date="2012-12-05T11:19:27.655+0100" type="Warning"/>
        <logs message="WARNING: [Synth 8-3331] design xbip_pipe_v3_0_3_viv__parameterized7 has unconnected port CE" projectName="TestPorject" solutionName="solution1" date="2012-12-05T11:19:27.639+0100" type="Warning"/>
        <logs message="WARNING: [Synth 8-3331] design xbip_pipe_v3_0_3_viv__parameterized7 has unconnected port CLK" projectName="TestPorject" solutionName="solution1" date="2012-12-05T11:19:27.639+0100" type="Warning"/>
        <logs message="WARNING: [Synth 8-3331] design xbip_pipe_v3_0_3_viv__parameterized55 has unconnected port SINIT" projectName="TestPorject" solutionName="solution1" date="2012-12-05T11:19:27.624+0100" type="Warning"/>
        <logs message="WARNING: [Synth 8-3331] design xbip_pipe_v3_0_3_viv__parameterized55 has unconnected port SSET" projectName="TestPorject" solutionName="solution1" date="2012-12-05T11:19:27.624+0100" type="Warning"/>
        <logs message="WARNING: [Synth 8-3331] design xbip_pipe_v3_0_3_viv__parameterized55 has unconnected port SCLR" projectName="TestPorject" solutionName="solution1" date="2012-12-05T11:19:27.608+0100" type="Warning"/>
        <logs message="WARNING: [Synth 8-3331] design xbip_pipe_v3_0_3_viv__parameterized55 has unconnected port CE" projectName="TestPorject" solutionName="solution1" date="2012-12-05T11:19:27.608+0100" type="Warning"/>
        <logs message="WARNING: [Synth 8-3331] design xbip_pipe_v3_0_3_viv__parameterized55 has unconnected port CLK" projectName="TestPorject" solutionName="solution1" date="2012-12-05T11:19:27.592+0100" type="Warning"/>
        <logs message="WARNING: [Synth 8-3331] design flt_round_bit__parameterized0 has unconnected port SIGN" projectName="TestPorject" solutionName="solution1" date="2012-12-05T11:19:27.577+0100" type="Warning"/>
        <logs message="WARNING: [Synth 8-3331] design flt_round_bit__parameterized0 has unconnected port FIX_MANT_SIGN" projectName="TestPorject" solutionName="solution1" date="2012-12-05T11:19:27.577+0100" type="Warning"/>
        <logs message="WARNING: [Synth 8-3331] design flt_round_bit__parameterized0 has unconnected port FIXED_POINT" projectName="TestPorject" solutionName="solution1" date="2012-12-05T11:19:27.561+0100" type="Warning"/>
        <logs message="WARNING: [Synth 8-3331] design flt_round_bit__parameterized0 has unconnected port NORMALIZE[1]" projectName="TestPorject" solutionName="solution1" date="2012-12-05T11:19:27.561+0100" type="Warning"/>
        <logs message="WARNING: [Synth 8-3331] design xbip_pipe_v3_0_3_viv__parameterized63 has unconnected port SINIT" projectName="TestPorject" solutionName="solution1" date="2012-12-05T11:19:27.546+0100" type="Warning"/>
        <logs message="WARNING: [Synth 8-3331] design xbip_pipe_v3_0_3_viv__parameterized63 has unconnected port SSET" projectName="TestPorject" solutionName="solution1" date="2012-12-05T11:19:27.530+0100" type="Warning"/>
        <logs message="WARNING: [Synth 8-3331] design xbip_pipe_v3_0_3_viv__parameterized63 has unconnected port SCLR" projectName="TestPorject" solutionName="solution1" date="2012-12-05T11:19:27.530+0100" type="Warning"/>
        <logs message="WARNING: [Synth 8-3331] design xbip_pipe_v3_0_3_viv__parameterized63 has unconnected port CE" projectName="TestPorject" solutionName="solution1" date="2012-12-05T11:19:27.514+0100" type="Warning"/>
        <logs message="WARNING: [Synth 8-3331] design xbip_pipe_v3_0_3_viv__parameterized63 has unconnected port CLK" projectName="TestPorject" solutionName="solution1" date="2012-12-05T11:19:27.514+0100" type="Warning"/>
        <logs message="WARNING: [Synth 8-3331] design xbip_pipe_v3_0_3_viv__parameterized15 has unconnected port SINIT" projectName="TestPorject" solutionName="solution1" date="2012-12-05T11:19:27.499+0100" type="Warning"/>
        <logs message="WARNING: [Synth 8-3331] design xbip_pipe_v3_0_3_viv__parameterized15 has unconnected port SSET" projectName="TestPorject" solutionName="solution1" date="2012-12-05T11:19:27.483+0100" type="Warning"/>
        <logs message="WARNING: [Synth 8-3331] design xbip_pipe_v3_0_3_viv__parameterized15 has unconnected port SCLR" projectName="TestPorject" solutionName="solution1" date="2012-12-05T11:19:27.483+0100" type="Warning"/>
        <logs message="WARNING: [Synth 8-3331] design xbip_pipe_v3_0_3_viv__parameterized15 has unconnected port CE" projectName="TestPorject" solutionName="solution1" date="2012-12-05T11:19:27.467+0100" type="Warning"/>
        <logs message="WARNING: [Synth 8-3331] design xbip_pipe_v3_0_3_viv__parameterized15 has unconnected port CLK" projectName="TestPorject" solutionName="solution1" date="2012-12-05T11:19:27.452+0100" type="Warning"/>
        <logs message="WARNING: [Synth 8-3331] design xbip_pipe_v3_0_3_viv__parameterized110 has unconnected port SINIT" projectName="TestPorject" solutionName="solution1" date="2012-12-05T11:19:27.436+0100" type="Warning"/>
        <logs message="WARNING: [Synth 8-3331] design xbip_pipe_v3_0_3_viv__parameterized110 has unconnected port SSET" projectName="TestPorject" solutionName="solution1" date="2012-12-05T11:19:27.436+0100" type="Warning"/>
        <logs message="WARNING: [Synth 8-3331] design xbip_pipe_v3_0_3_viv__parameterized110 has unconnected port SCLR" projectName="TestPorject" solutionName="solution1" date="2012-12-05T11:19:27.421+0100" type="Warning"/>
        <logs message="WARNING: [Synth 8-3331] design xbip_pipe_v3_0_3_viv__parameterized110 has unconnected port CE" projectName="TestPorject" solutionName="solution1" date="2012-12-05T11:19:27.405+0100" type="Warning"/>
        <logs message="WARNING: [Synth 8-3331] design xbip_pipe_v3_0_3_viv__parameterized110 has unconnected port CLK" projectName="TestPorject" solutionName="solution1" date="2012-12-05T11:19:27.405+0100" type="Warning"/>
        <logs message="WARNING: [Synth 8-3331] design carry_chain__parameterized15 has unconnected port B[26]" projectName="TestPorject" solutionName="solution1" date="2012-12-05T11:19:27.389+0100" type="Warning"/>
        <logs message="WARNING: [Synth 8-3331] design xbip_pipe_v3_0_3_viv__parameterized112 has unconnected port SINIT" projectName="TestPorject" solutionName="solution1" date="2012-12-05T11:19:27.374+0100" type="Warning"/>
        <logs message="WARNING: [Synth 8-3331] design xbip_pipe_v3_0_3_viv__parameterized112 has unconnected port SSET" projectName="TestPorject" solutionName="solution1" date="2012-12-05T11:19:27.374+0100" type="Warning"/>
        <logs message="WARNING: [Synth 8-3331] design xbip_pipe_v3_0_3_viv__parameterized112 has unconnected port SCLR" projectName="TestPorject" solutionName="solution1" date="2012-12-05T11:19:27.358+0100" type="Warning"/>
        <logs message="WARNING: [Synth 8-3331] design xbip_pipe_v3_0_3_viv__parameterized112 has unconnected port CE" projectName="TestPorject" solutionName="solution1" date="2012-12-05T11:19:27.342+0100" type="Warning"/>
        <logs message="WARNING: [Synth 8-3331] design xbip_pipe_v3_0_3_viv__parameterized112 has unconnected port CLK" projectName="TestPorject" solutionName="solution1" date="2012-12-05T11:19:27.327+0100" type="Warning"/>
        <logs message="WARNING: [Synth 8-3331] design fix_to_flt_conv_exp has unconnected port A[0]" projectName="TestPorject" solutionName="solution1" date="2012-12-05T11:19:27.327+0100" type="Warning"/>
        <logs message="WARNING: [Synth 8-3331] design fix_to_flt_conv_exp has unconnected port A[1]" projectName="TestPorject" solutionName="solution1" date="2012-12-05T11:19:27.311+0100" type="Warning"/>
        <logs message="WARNING: [Synth 8-3331] design fix_to_flt_conv_exp has unconnected port A[2]" projectName="TestPorject" solutionName="solution1" date="2012-12-05T11:19:27.296+0100" type="Warning"/>
        <logs message="WARNING: [Synth 8-3331] design fix_to_flt_conv_exp has unconnected port A[3]" projectName="TestPorject" solutionName="solution1" date="2012-12-05T11:19:27.280+0100" type="Warning"/>
        <logs message="WARNING: [Synth 8-3331] design fix_to_flt_conv_exp has unconnected port A[4]" projectName="TestPorject" solutionName="solution1" date="2012-12-05T11:19:27.280+0100" type="Warning"/>
        <logs message="WARNING: [Synth 8-3331] design fix_to_flt_conv_exp has unconnected port A[5]" projectName="TestPorject" solutionName="solution1" date="2012-12-05T11:19:27.264+0100" type="Warning"/>
        <logs message="WARNING: [Synth 8-3331] design fix_to_flt_conv_exp has unconnected port A[6]" projectName="TestPorject" solutionName="solution1" date="2012-12-05T11:19:27.249+0100" type="Warning"/>
        <logs message="WARNING: [Synth 8-3331] design fix_to_flt_conv_exp has unconnected port A[7]" projectName="TestPorject" solutionName="solution1" date="2012-12-05T11:19:27.233+0100" type="Warning"/>
        <logs message="WARNING: [Synth 8-3331] design fix_to_flt_conv_exp has unconnected port A[8]" projectName="TestPorject" solutionName="solution1" date="2012-12-05T11:19:27.233+0100" type="Warning"/>
        <logs message="WARNING: [Synth 8-3331] design fix_to_flt_conv_exp has unconnected port A[9]" projectName="TestPorject" solutionName="solution1" date="2012-12-05T11:19:27.217+0100" type="Warning"/>
        <logs message="WARNING: [Synth 8-3331] design fix_to_flt_conv_exp has unconnected port A[10]" projectName="TestPorject" solutionName="solution1" date="2012-12-05T11:19:27.202+0100" type="Warning"/>
        <logs message="WARNING: [Synth 8-3331] design fix_to_flt_conv_exp has unconnected port A[11]" projectName="TestPorject" solutionName="solution1" date="2012-12-05T11:19:27.186+0100" type="Warning"/>
        <logs message="WARNING: [Synth 8-3331] design fix_to_flt_conv_exp has unconnected port A[12]" projectName="TestPorject" solutionName="solution1" date="2012-12-05T11:19:27.171+0100" type="Warning"/>
        <logs message="WARNING: [Synth 8-3331] design fix_to_flt_conv_exp has unconnected port A[13]" projectName="TestPorject" solutionName="solution1" date="2012-12-05T11:19:27.171+0100" type="Warning"/>
        <logs message="WARNING: [Synth 8-3331] design fix_to_flt_conv_exp has unconnected port A[14]" projectName="TestPorject" solutionName="solution1" date="2012-12-05T11:19:27.155+0100" type="Warning"/>
        <logs message="WARNING: [Synth 8-3331] design fix_to_flt_conv_exp has unconnected port A[15]" projectName="TestPorject" solutionName="solution1" date="2012-12-05T11:19:27.139+0100" type="Warning"/>
        <logs message="WARNING: [Synth 8-3331] design fix_to_flt_conv_exp has unconnected port A[16]" projectName="TestPorject" solutionName="solution1" date="2012-12-05T11:19:27.124+0100" type="Warning"/>
        <logs message="WARNING: [Synth 8-3331] design fix_to_flt_conv_exp has unconnected port A[17]" projectName="TestPorject" solutionName="solution1" date="2012-12-05T11:19:27.108+0100" type="Warning"/>
        <logs message="WARNING: [Synth 8-3331] design fix_to_flt_conv_exp has unconnected port A[18]" projectName="TestPorject" solutionName="solution1" date="2012-12-05T11:19:27.092+0100" type="Warning"/>
        <logs message="WARNING: [Synth 8-3331] design fix_to_flt_conv_exp has unconnected port A[19]" projectName="TestPorject" solutionName="solution1" date="2012-12-05T11:19:27.077+0100" type="Warning"/>
        <logs message="WARNING: [Synth 8-3331] design fix_to_flt_conv_exp has unconnected port A[20]" projectName="TestPorject" solutionName="solution1" date="2012-12-05T11:19:27.061+0100" type="Warning"/>
        <logs message="WARNING: [Synth 8-3331] design fix_to_flt_conv_exp has unconnected port A[21]" projectName="TestPorject" solutionName="solution1" date="2012-12-05T11:19:27.046+0100" type="Warning"/>
        <logs message="WARNING: [Synth 8-3331] design fix_to_flt_conv_exp has unconnected port A[22]" projectName="TestPorject" solutionName="solution1" date="2012-12-05T11:19:27.046+0100" type="Warning"/>
        <logs message="WARNING: [Synth 8-3331] design fix_to_flt_conv_exp has unconnected port A[23]" projectName="TestPorject" solutionName="solution1" date="2012-12-05T11:19:27.030+0100" type="Warning"/>
        <logs message="WARNING: [Synth 8-3331] design fix_to_flt_conv_exp has unconnected port A[24]" projectName="TestPorject" solutionName="solution1" date="2012-12-05T11:19:27.014+0100" type="Warning"/>
        <logs message="WARNING: [Synth 8-3331] design fix_to_flt_conv_exp has unconnected port A[25]" projectName="TestPorject" solutionName="solution1" date="2012-12-05T11:19:26.999+0100" type="Warning"/>
        <logs message="WARNING: [Synth 8-3331] design fix_to_flt_conv_exp has unconnected port A[26]" projectName="TestPorject" solutionName="solution1" date="2012-12-05T11:19:26.983+0100" type="Warning"/>
        <logs message="WARNING: [Synth 8-3331] design fix_to_flt_conv_exp has unconnected port A[27]" projectName="TestPorject" solutionName="solution1" date="2012-12-05T11:19:26.967+0100" type="Warning"/>
        <logs message="WARNING: [Synth 8-3331] design fix_to_flt_conv_exp has unconnected port A[28]" projectName="TestPorject" solutionName="solution1" date="2012-12-05T11:19:26.952+0100" type="Warning"/>
        <logs message="WARNING: [Synth 8-3331] design fix_to_flt_conv_exp has unconnected port A[29]" projectName="TestPorject" solutionName="solution1" date="2012-12-05T11:19:26.936+0100" type="Warning"/>
        <logs message="WARNING: [Synth 8-3331] design fix_to_flt_conv_exp has unconnected port A[30]" projectName="TestPorject" solutionName="solution1" date="2012-12-05T11:19:26.936+0100" type="Warning"/>
        <logs message="WARNING: [Synth 8-3331] design xbip_pipe_v3_0_3_viv__parameterized67 has unconnected port SINIT" projectName="TestPorject" solutionName="solution1" date="2012-12-05T11:19:26.921+0100" type="Warning"/>
        <logs message="WARNING: [Synth 8-3331] design xbip_pipe_v3_0_3_viv__parameterized67 has unconnected port SSET" projectName="TestPorject" solutionName="solution1" date="2012-12-05T11:19:26.905+0100" type="Warning"/>
        <logs message="WARNING: [Synth 8-3331] design xbip_pipe_v3_0_3_viv__parameterized67 has unconnected port SCLR" projectName="TestPorject" solutionName="solution1" date="2012-12-05T11:19:26.890+0100" type="Warning"/>
        <logs message="WARNING: [Synth 8-3331] design xbip_pipe_v3_0_3_viv__parameterized67 has unconnected port CE" projectName="TestPorject" solutionName="solution1" date="2012-12-05T11:19:26.873+0100" type="Warning"/>
        <logs message="WARNING: [Synth 8-3331] design xbip_pipe_v3_0_3_viv__parameterized67 has unconnected port CLK" projectName="TestPorject" solutionName="solution1" date="2012-12-05T11:19:26.858+0100" type="Warning"/>
        <logs message="WARNING: [Synth 8-3331] design xbip_pipe_v3_0_3_viv__parameterized92 has unconnected port SINIT" projectName="TestPorject" solutionName="solution1" date="2012-12-05T11:19:26.842+0100" type="Warning"/>
        <logs message="WARNING: [Synth 8-3331] design xbip_pipe_v3_0_3_viv__parameterized92 has unconnected port SSET" projectName="TestPorject" solutionName="solution1" date="2012-12-05T11:19:26.842+0100" type="Warning"/>
        <logs message="WARNING: [Synth 8-3331] design xbip_pipe_v3_0_3_viv__parameterized92 has unconnected port SCLR" projectName="TestPorject" solutionName="solution1" date="2012-12-05T11:19:26.826+0100" type="Warning"/>
        <logs message="WARNING: [Synth 8-3331] design flt_dec_op__parameterized0 has unconnected port DIVIDE_BY_ZERO_IN" projectName="TestPorject" solutionName="solution1" date="2012-12-05T11:19:26.811+0100" type="Warning"/>
        <logs message="WARNING: [Synth 8-3331] design flt_dec_op__parameterized0 has unconnected port DEC_OP_STATE[8]" projectName="TestPorject" solutionName="solution1" date="2012-12-05T11:19:26.811+0100" type="Warning"/>
        <logs message="WARNING: [Synth 8-3331] design flt_dec_op__parameterized0 has unconnected port DEC_OP_STATE[9]" projectName="TestPorject" solutionName="solution1" date="2012-12-05T11:19:26.795+0100" type="Warning"/>
        <logs message="WARNING: [Synth 8-3331] design flt_dec_op__parameterized0 has unconnected port DEC_OP_STATE[10]" projectName="TestPorject" solutionName="solution1" date="2012-12-05T11:19:26.780+0100" type="Warning"/>
        <logs message="WARNING: [Synth 8-3331] design flt_dec_op__parameterized0 has unconnected port DEC_OP_STATE[11]" projectName="TestPorject" solutionName="solution1" date="2012-12-05T11:19:26.780+0100" type="Warning"/>
        <logs message="WARNING: [Synth 8-3331] design xbip_pipe_v3_0_3_viv__parameterized3 has unconnected port SINIT" projectName="TestPorject" solutionName="solution1" date="2012-12-05T11:19:26.764+0100" type="Warning"/>
        <logs message="WARNING: [Synth 8-3331] design xbip_pipe_v3_0_3_viv__parameterized3 has unconnected port SSET" projectName="TestPorject" solutionName="solution1" date="2012-12-05T11:19:26.748+0100" type="Warning"/>
        <logs message="WARNING: [Synth 8-3331] design xbip_pipe_v3_0_3_viv__parameterized3 has unconnected port SCLR" projectName="TestPorject" solutionName="solution1" date="2012-12-05T11:19:26.748+0100" type="Warning"/>
        <logs message="WARNING: [Synth 8-3331] design carry_chain__parameterized12 has unconnected port B[31]" projectName="TestPorject" solutionName="solution1" date="2012-12-05T11:19:26.733+0100" type="Warning"/>
        <logs message="WARNING: [Synth 8-3331] design xbip_pipe_v3_0_3_viv__parameterized106 has unconnected port SINIT" projectName="TestPorject" solutionName="solution1" date="2012-12-05T11:19:26.733+0100" type="Warning"/>
        <logs message="WARNING: [Synth 8-3331] design xbip_pipe_v3_0_3_viv__parameterized106 has unconnected port SSET" projectName="TestPorject" solutionName="solution1" date="2012-12-05T11:19:26.717+0100" type="Warning"/>
        <logs message="WARNING: [Synth 8-3331] design xbip_pipe_v3_0_3_viv__parameterized106 has unconnected port SCLR" projectName="TestPorject" solutionName="solution1" date="2012-12-05T11:19:26.701+0100" type="Warning"/>
        <logs message="WARNING: [Synth 8-3331] design xbip_pipe_v3_0_3_viv__parameterized104 has unconnected port SINIT" projectName="TestPorject" solutionName="solution1" date="2012-12-05T11:19:26.701+0100" type="Warning"/>
        <logs message="WARNING: [Synth 8-3331] design xbip_pipe_v3_0_3_viv__parameterized104 has unconnected port SSET" projectName="TestPorject" solutionName="solution1" date="2012-12-05T11:19:26.686+0100" type="Warning"/>
        <logs message="WARNING: [Synth 8-3331] design xbip_pipe_v3_0_3_viv__parameterized104 has unconnected port SCLR" projectName="TestPorject" solutionName="solution1" date="2012-12-05T11:19:26.670+0100" type="Warning"/>
        <logs message="WARNING: [Synth 8-3331] design xbip_pipe_v3_0_3_viv__parameterized104 has unconnected port CE" projectName="TestPorject" solutionName="solution1" date="2012-12-05T11:19:26.670+0100" type="Warning"/>
        <logs message="WARNING: [Synth 8-3331] design xbip_pipe_v3_0_3_viv__parameterized104 has unconnected port CLK" projectName="TestPorject" solutionName="solution1" date="2012-12-05T11:19:26.654+0100" type="Warning"/>
        <logs message="WARNING: [Synth 8-3331] design xbip_pipe_v3_0_3_viv__parameterized5 has unconnected port SINIT" projectName="TestPorject" solutionName="solution1" date="2012-12-05T11:19:26.639+0100" type="Warning"/>
        <logs message="WARNING: [Synth 8-3331] design xbip_pipe_v3_0_3_viv__parameterized5 has unconnected port SSET" projectName="TestPorject" solutionName="solution1" date="2012-12-05T11:19:26.639+0100" type="Warning"/>
        <logs message="WARNING: [Synth 8-3331] design xbip_pipe_v3_0_3_viv__parameterized5 has unconnected port SCLR" projectName="TestPorject" solutionName="solution1" date="2012-12-05T11:19:26.623+0100" type="Warning"/>
        <logs message="WARNING: [Synth 8-3331] design xbip_pipe_v3_0_3_viv__parameterized5 has unconnected port CE" projectName="TestPorject" solutionName="solution1" date="2012-12-05T11:19:26.607+0100" type="Warning"/>
        <logs message="WARNING: [Synth 8-3331] design xbip_pipe_v3_0_3_viv__parameterized5 has unconnected port CLK" projectName="TestPorject" solutionName="solution1" date="2012-12-05T11:19:26.607+0100" type="Warning"/>
        <logs message="WARNING: [Synth 8-6014] Unused sequential element pixelOutput_we0_reg was removed.  [C:/Users/mathi/Desktop/Kandidat/Embedded/Project/testings/TestPorject/solution1/impl/vhdl/greyScale.vhd:362]" projectName="TestPorject" solutionName="solution1" date="2012-12-05T11:19:26.592+0100" type="Warning"/>
        <logs message="WARNING: [Synth 8-6014] Unused sequential element ap_ready_reg was removed.  [C:/Users/mathi/Desktop/Kandidat/Embedded/Project/testings/TestPorject/solution1/impl/vhdl/greyScale.vhd:354]" projectName="TestPorject" solutionName="solution1" date="2012-12-05T11:19:26.576+0100" type="Warning"/>
        <logs message="WARNING: [Synth 8-6014] Unused sequential element int_isr_reg was removed.  [C:/Users/mathi/Desktop/Kandidat/Embedded/Project/testings/TestPorject/solution1/impl/vhdl/greyScale_AXILiteS_s_axi.vhd:455]" projectName="TestPorject" solutionName="solution1" date="2012-12-05T11:19:21.662+0100" type="Warning"/>
        <logs message="WARNING: [Synth 8-6014] Unused sequential element int_isr_reg was removed.  [C:/Users/mathi/Desktop/Kandidat/Embedded/Project/testings/TestPorject/solution1/impl/vhdl/greyScale_AXILiteS_s_axi.vhd:348]" projectName="TestPorject" solutionName="solution1" date="2012-12-05T11:19:21.647+0100" type="Warning"/>
        <logs message="WARNING: [Synth 8-6014] Unused sequential element int_pixelOutput_address1_reg was removed.  [C:/Users/mathi/Desktop/Kandidat/Embedded/Project/testings/TestPorject/solution1/impl/vhdl/greyScale_AXILiteS_s_axi.vhd:226]" projectName="TestPorject" solutionName="solution1" date="2012-12-05T11:19:21.647+0100" type="Warning"/>
        <logs message="WARNING: [Synth 8-6014] Unused sequential element int_pixelOutput_shift_reg was removed.  [C:/Users/mathi/Desktop/Kandidat/Embedded/Project/testings/TestPorject/solution1/impl/vhdl/greyScale_AXILiteS_s_axi.vhd:568]" projectName="TestPorject" solutionName="solution1" date="2012-12-05T11:19:21.631+0100" type="Warning"/>
        <logs message="WARNING: [Synth 8-6014] Unused sequential element gen_write[3].mem_reg was removed. " projectName="TestPorject" solutionName="solution1" date="2012-12-05T11:19:21.631+0100" type="Warning"/>
        <logs message="WARNING: [Synth 8-6014] Unused sequential element gen_write[3].mem_reg was removed. " projectName="TestPorject" solutionName="solution1" date="2012-12-05T11:19:21.615+0100" type="Warning"/>
        <logs message="WARNING: [Synth 8-6014] Unused sequential element gen_write[2].mem_reg was removed. " projectName="TestPorject" solutionName="solution1" date="2012-12-05T11:19:21.600+0100" type="Warning"/>
        <logs message="WARNING: [Synth 8-6014] Unused sequential element gen_write[2].mem_reg was removed. " projectName="TestPorject" solutionName="solution1" date="2012-12-05T11:19:21.600+0100" type="Warning"/>
        <logs message="WARNING: [Synth 8-6014] Unused sequential element gen_write[0].mem_reg was removed. " projectName="TestPorject" solutionName="solution1" date="2012-12-05T11:19:21.584+0100" type="Warning"/>
        <logs message="WARNING: [Synth 8-6014] Unused sequential element gen_write[0].mem_reg was removed. " projectName="TestPorject" solutionName="solution1" date="2012-12-05T11:19:21.569+0100" type="Warning"/>
        <logs message="WARNING: [IP_Flow 19-4832] The IP name 'greyScale_ap_sitodp_4_no_dsp_32' you have specified is long. The Windows operating system has path length limitations. It is recommended you use shorter names to reduce the likelihood of issues." projectName="TestPorject" solutionName="solution1" date="2012-12-05T11:19:05.259+0100" type="Warning"/>
        <logs message="WARNING: [IP_Flow 19-4832] The IP name 'greyScale_ap_dmul_4_max_dsp_64' you have specified is long. The Windows operating system has path length limitations. It is recommended you use shorter names to reduce the likelihood of issues." projectName="TestPorject" solutionName="solution1" date="2012-12-05T11:19:03.024+0100" type="Warning"/>
        <logs message="WARNING: [IP_Flow 19-4832] The IP name 'greyScale_ap_dadd_3_full_dsp_64' you have specified is long. The Windows operating system has path length limitations. It is recommended you use shorter names to reduce the likelihood of issues." projectName="TestPorject" solutionName="solution1" date="2012-12-05T11:18:59.752+0100" type="Warning"/>
        <logs message="WARNING: [IP_Flow 19-4832] The IP name 'greyScale_ap_sitodp_4_no_dsp_32' you have specified is long. The Windows operating system has path length limitations. It is recommended you use shorter names to reduce the likelihood of issues." projectName="TestPorject" solutionName="solution1" date="2012-12-05T11:18:50.934+0100" type="Warning"/>
        <logs message="WARNING: [IP_Flow 19-4832] The IP name 'greyScale_ap_dmul_4_max_dsp_64' you have specified is long. The Windows operating system has path length limitations. It is recommended you use shorter names to reduce the likelihood of issues." projectName="TestPorject" solutionName="solution1" date="2012-12-05T11:18:48.645+0100" type="Warning"/>
        <logs message="WARNING: [IP_Flow 19-4832] The IP name 'greyScale_ap_dadd_3_full_dsp_64' you have specified is long. The Windows operating system has path length limitations. It is recommended you use shorter names to reduce the likelihood of issues." projectName="TestPorject" solutionName="solution1" date="2012-12-05T11:18:45.400+0100" type="Warning"/>
        <logs message="WARNING: [IP_Flow 19-4832] The IP name 'greyScale_ap_sitodp_4_no_dsp_32' you have specified is long. The Windows operating system has path length limitations. It is recommended you use shorter names to reduce the likelihood of issues." projectName="TestPorject" solutionName="solution1" date="2022-12-05T11:18:10.548+0100" type="Warning"/>
        <logs message="WARNING: [IP_Flow 19-4832] The IP name 'greyScale_ap_dmul_4_max_dsp_64' you have specified is long. The Windows operating system has path length limitations. It is recommended you use shorter names to reduce the likelihood of issues." projectName="TestPorject" solutionName="solution1" date="2022-12-05T11:18:08.291+0100" type="Warning"/>
        <logs message="WARNING: [IP_Flow 19-4832] The IP name 'greyScale_ap_dadd_3_full_dsp_64' you have specified is long. The Windows operating system has path length limitations. It is recommended you use shorter names to reduce the likelihood of issues." projectName="TestPorject" solutionName="solution1" date="2022-12-05T11:18:05.025+0100" type="Warning"/>
      </packageLog>
      <csimLog/>
    </logs>
  </warningLogs>
</vivadoHLSLog:LogRoot>
