<?xml version="1.0" encoding="UTF-8"?>
<project>
  <core name="" type="" target="">
    <kernel name="greyScale" language="c" vlnv="xilinx.com:hls:greyScale:1.1" attributes="" hash="" preferredWorkGroupSizeMultiple="0" workGroupSize="1" debug="false">
      <port name="S_AXI_AXILITES" mode="slave" range="0x1000" dataWidth="8" portType="addressable" base="0x00000000"/>
      <arg name="pixelInput" addressQualifier="0" id="0" port="S_AXI_AXILITES" size="0x4" offset="0x800" hostOffset="0x0" hostSize="0x4" type="char[]"/>
      <arg name="pixelOutput" addressQualifier="0" id="1" port="S_AXI_AXILITES" size="0x4" offset="0x1000" hostOffset="0x0" hostSize="0x4" type="char[]"/>
      <compileWorkGroupSize x="1" y="1" z="1"/>
    </kernel>
  </core>
</project>
