<profile>

<section name = "Vivado HLS Report for 'greyScale'" level="0">
<item name = "Date">Mon Dec  5 16:32:11 2022
</item>
<item name = "Version">2017.2 (Build 1909853 on Thu Jun 15 18:55:24 MDT 2017)</item>
<item name = "Project">TestPorject</item>
<item name = "Solution">solution1</item>
<item name = "Product family">zynq</item>
<item name = "Target device">xc7z010clg400-1</item>
</section>

<section name = "Performance Estimates" level="0">
<item name = "Timing (ns)">
<section name = "" level="1">
<item name = "Target clock period (ns)">10.00</item>
<item name = "Clock uncertainty (ns)">1.25</item>
<item name = "Estimated clock period (ns)">8.23</item>
</section>
</item>
<item name = "Latency (clock cycles)">
<section name = "" level="1">
<item name = "Summary"><table name="" hasTotal="0">
<keys size="6">, min, max, min, max, Type</keys>
<column name="">?, ?, ?, ?, none</column>
</table>
</item>
<item name = "Detail">
<section name = "" level="1">
<item name = "Instance"><table name="" hasTotal="0">
<keys size="7">Instance, Module, min, max, min, max, Type</keys>
</table>
</item>
<item name = "Loop"><table name="" hasTotal="0">
<keys size="8">Loop Name, min, max, Latency, achieved, target, Count, Pipelined</keys>
<column name="- Loop 1">?, ?, 30, -, -, ?, no</column>
</table>
</item>
</section>
</item>
</section>
</item>
</section>

<section name = "Utilization Estimates" level="0">
<item name = "Summary"><table name="" hasTotal="1">
<keys size="5">Name, BRAM_18K, DSP48E, FF, LUT</keys>
<column name="DSP">-, -, -, -</column>
<column name="Expression">-, -, 749, 797</column>
<column name="FIFO">-, -, -, -</column>
<column name="Instance">4, 25, 2099, 3775</column>
<column name="Memory">-, -, -, -</column>
<column name="Multiplexer">-, -, -, 277</column>
<column name="Register">-, -, 581, -</column>
<specialColumn name="Available">120, 80, 35200, 17600</specialColumn>
<specialColumn name="Utilization (%)">3, 31, 9, 27</specialColumn>
</table>
</item>
<item name = "Detail">
<section name = "" level="1">
<item name = "Instance"><table name="" hasTotal="1">
<keys size="6">Instance, Module, BRAM_18K, DSP48E, FF, LUT</keys>
<column name="greyScale_AXILiteS_s_axi_U">greyScale_AXILiteS_s_axi, 4, 0, 196, 180</column>
<column name="greyScale_dadd_64bkb_U0">greyScale_dadd_64bkb, 0, 3, 445, 1149</column>
<column name="greyScale_dmul_64cud_U1">greyScale_dmul_64cud, 0, 11, 317, 578</column>
<column name="greyScale_dmul_64cud_U2">greyScale_dmul_64cud, 0, 11, 317, 578</column>
<column name="greyScale_sitodp_dEe_U3">greyScale_sitodp_dEe, 0, 0, 412, 645</column>
<column name="greyScale_sitodp_dEe_U4">greyScale_sitodp_dEe, 0, 0, 412, 645</column>
</table>
</item>
<item name = "DSP48"><table name="" hasTotal="0">
<keys size="3">Instance, Module, Expression</keys>
</table>
</item>
<item name = "Memory"><table name="" hasTotal="1">
<keys size="9">Memory, Module, BRAM_18K, FF, LUT, Words, Bits, Banks, W*Bits*Banks</keys>
</table>
</item>
<item name = "FIFO"><table name="" hasTotal="1">
<keys size="7">Name, BRAM_18K, FF, LUT, Depth, Bits, Size:D*B</keys>
</table>
</item>
<item name = "Expression"><table name="" hasTotal="1">
<keys size="7">Variable Name, Operation, DSP48E, FF, LUT, Bitwidth P0, Bitwidth P1</keys>
<column name="pixelStart_fu_380_p2">+, 0, 101, 37, 2, 32</column>
<column name="sh_assign_fu_271_p2">+, 0, 41, 17, 11, 12</column>
<column name="sum2_fu_207_p2">+, 0, 41, 17, 1, 12</column>
<column name="sum4_fu_226_p2">+, 0, 41, 17, 2, 12</column>
<column name="tmp_3_i_i_i_fu_285_p2">-, 0, 38, 16, 10, 11</column>
<column name="tmp_8_fu_368_p2">-, 0, 29, 13, 1, 8</column>
<column name="icmp_fu_193_p2">icmp, 0, 0, 16, 30, 1</column>
<column name="tmp_6_i_i_i_fu_327_p2">lshr, 0, 143, 162, 54, 54</column>
<column name="sh_assign_1_fu_295_p3">select, 0, 0, 12, 1, 12</column>
<column name="tmp_12_fu_361_p3">select, 0, 0, 8, 1, 8</column>
<column name="tmp_9_fu_373_p3">select, 0, 0, 8, 1, 8</column>
<column name="tmp_8_i_i_i_fu_333_p2">shl, 0, 315, 474, 137, 137</column>
</table>
</item>
<item name = "Multiplexer"><table name="" hasTotal="1">
<keys size="5">Name, LUT, Input Size, Bits, Total Bits</keys>
<column name="ap_NS_fsm">145, 32, 1, 32</column>
<column name="grp_fu_144_p0">15, 3, 64, 192</column>
<column name="grp_fu_144_p1">15, 3, 64, 192</column>
<column name="grp_fu_148_p0">15, 3, 64, 192</column>
<column name="grp_fu_148_p1">15, 3, 64, 192</column>
<column name="grp_fu_159_p0">15, 3, 32, 96</column>
<column name="pixelInput_address0">21, 4, 11, 44</column>
<column name="pixelOutput_address0">21, 4, 11, 44</column>
<column name="pixelOutput_d0">15, 3, 8, 24</column>
</table>
</item>
<item name = "Register"><table name="" hasTotal="1">
<keys size="5">Name, FF, LUT, Bits, Const Bits</keys>
<column name="ap_CS_fsm">31, 0, 31, 0</column>
<column name="isNeg_reg_487">1, 0, 1, 0</column>
<column name="loc_V_1_reg_482">52, 0, 52, 0</column>
<column name="p_Result_s_reg_477">1, 0, 1, 0</column>
<column name="pixelInput_load_1_reg_427">8, 0, 8, 0</column>
<column name="pixelStart_1_fu_84">32, 0, 32, 0</column>
<column name="reg_165">8, 0, 8, 0</column>
<column name="reg_169">64, 0, 64, 0</column>
<column name="reg_175">64, 0, 64, 0</column>
<column name="sh_assign_1_reg_492">12, 0, 12, 0</column>
<column name="sum2_cast_reg_417">12, 0, 32, 20</column>
<column name="sum4_cast_reg_442">12, 0, 32, 20</column>
<column name="tmp_12_reg_497">8, 0, 8, 0</column>
<column name="tmp_2_reg_457">64, 0, 64, 0</column>
<column name="tmp_3_reg_472">64, 0, 64, 0</column>
<column name="tmp_5_reg_467">64, 0, 64, 0</column>
<column name="tmp_7_reg_411">12, 0, 12, 0</column>
<column name="tmp_9_reg_503">8, 0, 8, 0</column>
<column name="tmp_s_reg_452">64, 0, 64, 0</column>
</table>
</item>
</section>
</item>
</section>

<section name = "Interface" level="0">
<item name = "Summary"><table name="" hasTotal="0">
<keys size="6">RTL Ports, Dir, Bits, Protocol, Source Object, C Type</keys>
<column name="s_axi_AXILiteS_AWVALID">in, 1, s_axi, AXILiteS, array</column>
<column name="s_axi_AXILiteS_AWREADY">out, 1, s_axi, AXILiteS, array</column>
<column name="s_axi_AXILiteS_AWADDR">in, 13, s_axi, AXILiteS, array</column>
<column name="s_axi_AXILiteS_WVALID">in, 1, s_axi, AXILiteS, array</column>
<column name="s_axi_AXILiteS_WREADY">out, 1, s_axi, AXILiteS, array</column>
<column name="s_axi_AXILiteS_WDATA">in, 32, s_axi, AXILiteS, array</column>
<column name="s_axi_AXILiteS_WSTRB">in, 4, s_axi, AXILiteS, array</column>
<column name="s_axi_AXILiteS_ARVALID">in, 1, s_axi, AXILiteS, array</column>
<column name="s_axi_AXILiteS_ARREADY">out, 1, s_axi, AXILiteS, array</column>
<column name="s_axi_AXILiteS_ARADDR">in, 13, s_axi, AXILiteS, array</column>
<column name="s_axi_AXILiteS_RVALID">out, 1, s_axi, AXILiteS, array</column>
<column name="s_axi_AXILiteS_RREADY">in, 1, s_axi, AXILiteS, array</column>
<column name="s_axi_AXILiteS_RDATA">out, 32, s_axi, AXILiteS, array</column>
<column name="s_axi_AXILiteS_RRESP">out, 2, s_axi, AXILiteS, array</column>
<column name="s_axi_AXILiteS_BVALID">out, 1, s_axi, AXILiteS, array</column>
<column name="s_axi_AXILiteS_BREADY">in, 1, s_axi, AXILiteS, array</column>
<column name="s_axi_AXILiteS_BRESP">out, 2, s_axi, AXILiteS, array</column>
<column name="ap_clk">in, 1, ap_ctrl_hs, greyScale, return value</column>
<column name="ap_rst_n">in, 1, ap_ctrl_hs, greyScale, return value</column>
<column name="interrupt">out, 1, ap_ctrl_hs, greyScale, return value</column>
</table>
</item>
</section>

<section name = "Critical Path" level="0">
<item name = "Max Delay">8.23</item>
<item name = "Critical Path Table"><table name="Critical Path Table" hasTotal="0">
<keys size="15">Name, Operator, Delay, Accumulated Delay, Store Source, Resource, Core, Interface, Type, Port, Array, Scope, Pointer, Callee, Phi Node</keys>
<column name="'tmp_4', TestPorject/dataflow.c:34">dadd, 8.23, 8.23, -, -, -, -, -, -, -, -, -, -, -</column>
</table>
</item>
</section>
</profile>
