<stg><name>greyScale</name>


<trans_list>

<trans id="143" from="1" to="2">
<condition id="36">
<or_exp><and_exp></and_exp></or_exp>
</condition>
</trans>

<trans id="144" from="2" to="3">
<condition id="37">
<or_exp><and_exp><literal name="icmp" val="1"/>
</and_exp></or_exp>
</condition>
</trans>

<trans id="146" from="3" to="4">
<condition id="39">
<or_exp><and_exp></and_exp></or_exp>
</condition>
</trans>

<trans id="147" from="4" to="5">
<condition id="40">
<or_exp><and_exp></and_exp></or_exp>
</condition>
</trans>

<trans id="148" from="5" to="6">
<condition id="41">
<or_exp><and_exp></and_exp></or_exp>
</condition>
</trans>

<trans id="149" from="6" to="7">
<condition id="42">
<or_exp><and_exp></and_exp></or_exp>
</condition>
</trans>

<trans id="150" from="7" to="8">
<condition id="43">
<or_exp><and_exp></and_exp></or_exp>
</condition>
</trans>

<trans id="151" from="8" to="9">
<condition id="44">
<or_exp><and_exp></and_exp></or_exp>
</condition>
</trans>

<trans id="152" from="9" to="10">
<condition id="45">
<or_exp><and_exp></and_exp></or_exp>
</condition>
</trans>

<trans id="153" from="10" to="11">
<condition id="46">
<or_exp><and_exp></and_exp></or_exp>
</condition>
</trans>

<trans id="154" from="11" to="12">
<condition id="47">
<or_exp><and_exp></and_exp></or_exp>
</condition>
</trans>

<trans id="155" from="12" to="13">
<condition id="48">
<or_exp><and_exp></and_exp></or_exp>
</condition>
</trans>

<trans id="156" from="13" to="14">
<condition id="49">
<or_exp><and_exp></and_exp></or_exp>
</condition>
</trans>

<trans id="157" from="14" to="15">
<condition id="50">
<or_exp><and_exp></and_exp></or_exp>
</condition>
</trans>

<trans id="158" from="15" to="16">
<condition id="51">
<or_exp><and_exp></and_exp></or_exp>
</condition>
</trans>

<trans id="159" from="16" to="17">
<condition id="52">
<or_exp><and_exp></and_exp></or_exp>
</condition>
</trans>

<trans id="160" from="17" to="18">
<condition id="53">
<or_exp><and_exp></and_exp></or_exp>
</condition>
</trans>

<trans id="161" from="18" to="19">
<condition id="54">
<or_exp><and_exp></and_exp></or_exp>
</condition>
</trans>

<trans id="162" from="19" to="20">
<condition id="55">
<or_exp><and_exp></and_exp></or_exp>
</condition>
</trans>

<trans id="163" from="20" to="21">
<condition id="56">
<or_exp><and_exp></and_exp></or_exp>
</condition>
</trans>

<trans id="164" from="21" to="22">
<condition id="57">
<or_exp><and_exp></and_exp></or_exp>
</condition>
</trans>

<trans id="165" from="22" to="23">
<condition id="58">
<or_exp><and_exp></and_exp></or_exp>
</condition>
</trans>

<trans id="166" from="23" to="24">
<condition id="59">
<or_exp><and_exp></and_exp></or_exp>
</condition>
</trans>

<trans id="167" from="24" to="25">
<condition id="60">
<or_exp><and_exp></and_exp></or_exp>
</condition>
</trans>

<trans id="168" from="25" to="26">
<condition id="61">
<or_exp><and_exp></and_exp></or_exp>
</condition>
</trans>

<trans id="169" from="26" to="27">
<condition id="62">
<or_exp><and_exp></and_exp></or_exp>
</condition>
</trans>

<trans id="170" from="27" to="28">
<condition id="63">
<or_exp><and_exp></and_exp></or_exp>
</condition>
</trans>

<trans id="171" from="28" to="29">
<condition id="64">
<or_exp><and_exp></and_exp></or_exp>
</condition>
</trans>

<trans id="172" from="29" to="30">
<condition id="65">
<or_exp><and_exp></and_exp></or_exp>
</condition>
</trans>

<trans id="173" from="30" to="31">
<condition id="66">
<or_exp><and_exp></and_exp></or_exp>
</condition>
</trans>

<trans id="174" from="31" to="2">
<condition id="68">
<or_exp><and_exp></and_exp></or_exp>
</condition>
</trans>
</trans_list>



<state_list>

<state id="1" st_id="1">

<operation id="32" st_id="1" stage="1" lat="1">
<core>NULL</core>
<MemPortIdVec></MemPortIdVec>
<condition id="0">
<or_exp><and_exp></and_exp></or_exp>
</condition>

<Node id="3" bw="32" op_0_bw="32">
<![CDATA[
:0  %pixelStart_1 = alloca i32

]]></Node>
<StgValue><ssdm name="pixelStart_1"/></StgValue>
</operation>

<operation id="33" st_id="1" stage="1" lat="1">
<core>NULL</core>
<MemPortIdVec></MemPortIdVec>
<condition id="0">
<or_exp><and_exp></and_exp></or_exp>
</condition>

<Node id="4" bw="0" op_0_bw="0" op_1_bw="8">
<![CDATA[
:1  call void (...)* @_ssdm_op_SpecBitsMap([450 x i8]* %pixelInput) nounwind, !map !463

]]></Node>
<StgValue><ssdm name=""/></StgValue>
</operation>

<operation id="34" st_id="1" stage="1" lat="1">
<core>NULL</core>
<MemPortIdVec></MemPortIdVec>
<condition id="0">
<or_exp><and_exp></and_exp></or_exp>
</condition>

<Node id="5" bw="0" op_0_bw="0" op_1_bw="8">
<![CDATA[
:2  call void (...)* @_ssdm_op_SpecBitsMap([450 x i8]* %pixelOutput) nounwind, !map !469

]]></Node>
<StgValue><ssdm name=""/></StgValue>
</operation>

<operation id="35" st_id="1" stage="1" lat="1">
<core>NULL</core>
<MemPortIdVec></MemPortIdVec>
<condition id="0">
<or_exp><and_exp></and_exp></or_exp>
</condition>

<Node id="6" bw="0" op_0_bw="0" op_1_bw="0">
<![CDATA[
:3  call void (...)* @_ssdm_op_SpecTopModule([10 x i8]* @greyScale_str) nounwind

]]></Node>
<StgValue><ssdm name=""/></StgValue>
</operation>

<operation id="36" st_id="1" stage="1" lat="1">
<core>NULL</core>
<MemPortIdVec></MemPortIdVec>
<condition id="0">
<or_exp><and_exp></and_exp></or_exp>
</condition>

<Node id="7" bw="32" op_0_bw="32" op_1_bw="8" op_2_bw="0" op_3_bw="0" op_4_bw="0" op_5_bw="32" op_6_bw="0" op_7_bw="0" op_8_bw="0" op_9_bw="0" op_10_bw="0">
<![CDATA[
:4  %empty = call i32 (...)* @_ssdm_op_SpecMemCore([450 x i8]* %pixelInput, [1 x i8]* @p_str3, [7 x i8]* @RAM_1P_str, [1 x i8]* @p_str3, i32 -1, [1 x i8]* @p_str3, [1 x i8]* @p_str3, [1 x i8]* @p_str3, [1 x i8]* @p_str3, [1 x i8]* @p_str3) nounwind

]]></Node>
<StgValue><ssdm name="empty"/></StgValue>
</operation>

<operation id="37" st_id="1" stage="1" lat="1">
<core>NULL</core>
<MemPortIdVec></MemPortIdVec>
<condition id="0">
<or_exp><and_exp></and_exp></or_exp>
</condition>

<Node id="8" bw="0" op_0_bw="0" op_1_bw="8" op_2_bw="0" op_3_bw="32" op_4_bw="32" op_5_bw="0" op_6_bw="32" op_7_bw="32" op_8_bw="0" op_9_bw="0" op_10_bw="0" op_11_bw="32" op_12_bw="32" op_13_bw="32" op_14_bw="32" op_15_bw="0" op_16_bw="0">
<![CDATA[
:5  call void (...)* @_ssdm_op_SpecInterface([450 x i8]* %pixelInput, [10 x i8]* @p_str, i32 0, i32 0, [1 x i8]* @p_str1, i32 0, i32 0, [1 x i8]* @p_str1, [1 x i8]* @p_str1, [1 x i8]* @p_str1, i32 0, i32 0, i32 0, i32 0, [1 x i8]* @p_str1, [1 x i8]* @p_str1) nounwind

]]></Node>
<StgValue><ssdm name=""/></StgValue>
</operation>

<operation id="38" st_id="1" stage="1" lat="1">
<core>NULL</core>
<MemPortIdVec></MemPortIdVec>
<condition id="0">
<or_exp><and_exp></and_exp></or_exp>
</condition>

<Node id="9" bw="32" op_0_bw="32" op_1_bw="8" op_2_bw="0" op_3_bw="0" op_4_bw="0" op_5_bw="32" op_6_bw="0" op_7_bw="0" op_8_bw="0" op_9_bw="0" op_10_bw="0">
<![CDATA[
:6  %empty_9 = call i32 (...)* @_ssdm_op_SpecMemCore([450 x i8]* %pixelOutput, [1 x i8]* @p_str4, [7 x i8]* @RAM_1P_str, [1 x i8]* @p_str4, i32 -1, [1 x i8]* @p_str4, [1 x i8]* @p_str4, [1 x i8]* @p_str4, [1 x i8]* @p_str4, [1 x i8]* @p_str4) nounwind

]]></Node>
<StgValue><ssdm name="empty_9"/></StgValue>
</operation>

<operation id="39" st_id="1" stage="1" lat="1">
<core>NULL</core>
<MemPortIdVec></MemPortIdVec>
<condition id="0">
<or_exp><and_exp></and_exp></or_exp>
</condition>

<Node id="10" bw="0" op_0_bw="0" op_1_bw="8" op_2_bw="0" op_3_bw="32" op_4_bw="32" op_5_bw="0" op_6_bw="32" op_7_bw="32" op_8_bw="0" op_9_bw="0" op_10_bw="0" op_11_bw="32" op_12_bw="32" op_13_bw="32" op_14_bw="32" op_15_bw="0" op_16_bw="0">
<![CDATA[
:7  call void (...)* @_ssdm_op_SpecInterface([450 x i8]* %pixelOutput, [10 x i8]* @p_str, i32 0, i32 0, [1 x i8]* @p_str1, i32 0, i32 0, [1 x i8]* @p_str1, [1 x i8]* @p_str1, [1 x i8]* @p_str1, i32 0, i32 0, i32 0, i32 0, [1 x i8]* @p_str1, [1 x i8]* @p_str1) nounwind

]]></Node>
<StgValue><ssdm name=""/></StgValue>
</operation>

<operation id="40" st_id="1" stage="1" lat="1">
<core>NULL</core>
<MemPortIdVec></MemPortIdVec>
<condition id="0">
<or_exp><and_exp></and_exp></or_exp>
</condition>

<Node id="11" bw="0" op_0_bw="0" op_1_bw="32" op_2_bw="0" op_3_bw="32" op_4_bw="32" op_5_bw="0" op_6_bw="32" op_7_bw="32" op_8_bw="0" op_9_bw="0" op_10_bw="0" op_11_bw="32" op_12_bw="32" op_13_bw="32" op_14_bw="32" op_15_bw="0" op_16_bw="0">
<![CDATA[
:8  call void (...)* @_ssdm_op_SpecInterface(i32 0, [10 x i8]* @p_str, i32 0, i32 0, [1 x i8]* @p_str1, i32 0, i32 0, [1 x i8]* @p_str1, [1 x i8]* @p_str1, [1 x i8]* @p_str1, i32 0, i32 0, i32 0, i32 0, [1 x i8]* @p_str1, [1 x i8]* @p_str1) nounwind

]]></Node>
<StgValue><ssdm name=""/></StgValue>
</operation>

<operation id="41" st_id="1" stage="1" lat="1">
<core>NULL</core>
<MemPortIdVec></MemPortIdVec>
<condition id="0">
<or_exp><and_exp></and_exp></or_exp>
</condition>

<Node id="12" bw="0" op_0_bw="0">
<![CDATA[
:9  br label %1

]]></Node>
<StgValue><ssdm name=""/></StgValue>
</operation>
</state>

<state id="2" st_id="2">

<operation id="42" st_id="2" stage="1" lat="1">
<core>NULL</core>
<MemPortIdVec></MemPortIdVec>
<condition id="1">
<or_exp><and_exp></and_exp></or_exp>
</condition>

<Node id="14" bw="32" op_0_bw="32">
<![CDATA[
:0  %pixelStart_1_load = load i32* %pixelStart_1

]]></Node>
<StgValue><ssdm name="pixelStart_1_load"/></StgValue>
</operation>

<operation id="43" st_id="2" stage="1" lat="1">
<core>NULL</core>
<MemPortIdVec></MemPortIdVec>
<condition id="1">
<or_exp><and_exp></and_exp></or_exp>
</condition>

<Node id="15" bw="30" op_0_bw="30" op_1_bw="32" op_2_bw="32" op_3_bw="32">
<![CDATA[
:1  %tmp = call i30 @_ssdm_op_PartSelect.i30.i32.i32.i32(i32 %pixelStart_1_load, i32 2, i32 31)

]]></Node>
<StgValue><ssdm name="tmp"/></StgValue>
</operation>

<operation id="44" st_id="2" stage="1" lat="1">
<core>Cmp</core>
<MemPortIdVec></MemPortIdVec>
<condition id="1">
<or_exp><and_exp></and_exp></or_exp>
</condition>

<Node id="16" bw="1" op_0_bw="30" op_1_bw="30">
<![CDATA[
:2  %icmp = icmp eq i30 %tmp, 0

]]></Node>
<StgValue><ssdm name="icmp"/></StgValue>
</operation>

<operation id="45" st_id="2" stage="1" lat="1">
<core>NULL</core>
<MemPortIdVec></MemPortIdVec>
<condition id="1">
<or_exp><and_exp></and_exp></or_exp>
</condition>

<Node id="17" bw="0" op_0_bw="1" op_1_bw="0" op_2_bw="0">
<![CDATA[
:3  br i1 %icmp, label %2, label %3

]]></Node>
<StgValue><ssdm name=""/></StgValue>
</operation>

<operation id="46" st_id="2" stage="1" lat="1">
<core>NULL</core>
<MemPortIdVec></MemPortIdVec>
<condition id="3">
<or_exp><and_exp><literal name="icmp" val="1"/>
</and_exp></or_exp>
</condition>

<Node id="19" bw="32" op_0_bw="32">
<![CDATA[
:0  %pixelStart_1_load_1 = load i32* %pixelStart_1

]]></Node>
<StgValue><ssdm name="pixelStart_1_load_1"/></StgValue>
</operation>

<operation id="47" st_id="2" stage="1" lat="1">
<core>NULL</core>
<MemPortIdVec></MemPortIdVec>
<condition id="3">
<or_exp><and_exp><literal name="icmp" val="1"/>
</and_exp></or_exp>
</condition>

<Node id="20" bw="9" op_0_bw="8" op_1_bw="32" op_2_bw="32">
<![CDATA[
:1  %pixelInput_addr = getelementptr [450 x i8]* %pixelInput, i32 0, i32 %pixelStart_1_load_1

]]></Node>
<StgValue><ssdm name="pixelInput_addr"/></StgValue>
</operation>

<operation id="48" st_id="2" stage="2" lat="2">
<core>RAM_1P</core>
<MemPortIdVec>0 </MemPortIdVec>
<condition id="3">
<or_exp><and_exp><literal name="icmp" val="1"/>
</and_exp></or_exp>
</condition>

<Node id="21" bw="8" op_0_bw="9">
<![CDATA[
:2  %pixelInput_load = load i8* %pixelInput_addr, align 1

]]></Node>
<StgValue><ssdm name="pixelInput_load"/></StgValue>
</operation>

<operation id="49" st_id="2" stage="1" lat="1">
<core>NULL</core>
<MemPortIdVec></MemPortIdVec>
<condition id="3">
<or_exp><and_exp><literal name="icmp" val="1"/>
</and_exp></or_exp>
</condition>

<Node id="22" bw="10" op_0_bw="32">
<![CDATA[
:3  %tmp_7 = trunc i32 %pixelStart_1_load_1 to i10

]]></Node>
<StgValue><ssdm name="tmp_7"/></StgValue>
</operation>

<operation id="50" st_id="2" stage="1" lat="1">
<core>NULL</core>
<MemPortIdVec></MemPortIdVec>
<condition id="5">
<or_exp><and_exp><literal name="icmp" val="0"/>
</and_exp></or_exp>
</condition>

<Node id="75" bw="0">
<![CDATA[
:0  ret void

]]></Node>
<StgValue><ssdm name=""/></StgValue>
</operation>
</state>

<state id="3" st_id="3">

<operation id="51" st_id="3" stage="1" lat="2">
<core>RAM_1P</core>
<MemPortIdVec>0 </MemPortIdVec>
<condition id="6">
<or_exp><and_exp></and_exp></or_exp>
</condition>

<Node id="21" bw="8" op_0_bw="9">
<![CDATA[
:2  %pixelInput_load = load i8* %pixelInput_addr, align 1

]]></Node>
<StgValue><ssdm name="pixelInput_load"/></StgValue>
</operation>

<operation id="52" st_id="3" stage="1" lat="1">
<core>AddSub</core>
<MemPortIdVec></MemPortIdVec>
<condition id="6">
<or_exp><and_exp></and_exp></or_exp>
</condition>

<Node id="23" bw="10" op_0_bw="10" op_1_bw="10">
<![CDATA[
:4  %sum2 = add i10 1, %tmp_7

]]></Node>
<StgValue><ssdm name="sum2"/></StgValue>
</operation>

<operation id="53" st_id="3" stage="1" lat="1">
<core>NULL</core>
<MemPortIdVec></MemPortIdVec>
<condition id="6">
<or_exp><and_exp></and_exp></or_exp>
</condition>

<Node id="24" bw="32" op_0_bw="10">
<![CDATA[
:5  %sum2_cast = zext i10 %sum2 to i32

]]></Node>
<StgValue><ssdm name="sum2_cast"/></StgValue>
</operation>

<operation id="54" st_id="3" stage="1" lat="1">
<core>NULL</core>
<MemPortIdVec></MemPortIdVec>
<condition id="6">
<or_exp><and_exp></and_exp></or_exp>
</condition>

<Node id="25" bw="9" op_0_bw="8" op_1_bw="32" op_2_bw="32">
<![CDATA[
:6  %pixelInput_addr_1 = getelementptr [450 x i8]* %pixelInput, i32 0, i32 %sum2_cast

]]></Node>
<StgValue><ssdm name="pixelInput_addr_1"/></StgValue>
</operation>

<operation id="55" st_id="3" stage="2" lat="2">
<core>RAM_1P</core>
<MemPortIdVec>0 </MemPortIdVec>
<condition id="6">
<or_exp><and_exp></and_exp></or_exp>
</condition>

<Node id="26" bw="8" op_0_bw="9">
<![CDATA[
:7  %pixelInput_load_1 = load i8* %pixelInput_addr_1, align 1

]]></Node>
<StgValue><ssdm name="pixelInput_load_1"/></StgValue>
</operation>
</state>

<state id="4" st_id="4">

<operation id="56" st_id="4" stage="1" lat="2">
<core>RAM_1P</core>
<MemPortIdVec>0 </MemPortIdVec>
<condition id="7">
<or_exp><and_exp></and_exp></or_exp>
</condition>

<Node id="26" bw="8" op_0_bw="9">
<![CDATA[
:7  %pixelInput_load_1 = load i8* %pixelInput_addr_1, align 1

]]></Node>
<StgValue><ssdm name="pixelInput_load_1"/></StgValue>
</operation>
</state>

<state id="5" st_id="5">

<operation id="57" st_id="5" stage="1" lat="1">
<core>NULL</core>
<MemPortIdVec></MemPortIdVec>
<condition id="8">
<or_exp><and_exp></and_exp></or_exp>
</condition>

<Node id="31" bw="32" op_0_bw="8">
<![CDATA[
:12  %tmp_13 = sext i8 %pixelInput_load to i32

]]></Node>
<StgValue><ssdm name="tmp_13"/></StgValue>
</operation>

<operation id="58" st_id="5" stage="6" lat="6">
<core>Int2Double</core>
<MemPortIdVec></MemPortIdVec>
<condition id="8">
<or_exp><and_exp></and_exp></or_exp>
</condition>

<Node id="32" bw="64" op_0_bw="32">
<![CDATA[
:13  %tmp_s = sitofp i32 %tmp_13 to double

]]></Node>
<StgValue><ssdm name="tmp_s"/></StgValue>
</operation>

<operation id="59" st_id="5" stage="1" lat="1">
<core>NULL</core>
<MemPortIdVec></MemPortIdVec>
<condition id="8">
<or_exp><and_exp></and_exp></or_exp>
</condition>

<Node id="34" bw="32" op_0_bw="8">
<![CDATA[
:15  %tmp_14 = sext i8 %pixelInput_load_1 to i32

]]></Node>
<StgValue><ssdm name="tmp_14"/></StgValue>
</operation>

<operation id="60" st_id="5" stage="6" lat="6">
<core>Int2Double</core>
<MemPortIdVec></MemPortIdVec>
<condition id="8">
<or_exp><and_exp></and_exp></or_exp>
</condition>

<Node id="35" bw="64" op_0_bw="32">
<![CDATA[
:16  %tmp_2 = sitofp i32 %tmp_14 to double

]]></Node>
<StgValue><ssdm name="tmp_2"/></StgValue>
</operation>
</state>

<state id="6" st_id="6">

<operation id="61" st_id="6" stage="5" lat="6">
<core>Int2Double</core>
<MemPortIdVec></MemPortIdVec>
<condition id="9">
<or_exp><and_exp></and_exp></or_exp>
</condition>

<Node id="32" bw="64" op_0_bw="32">
<![CDATA[
:13  %tmp_s = sitofp i32 %tmp_13 to double

]]></Node>
<StgValue><ssdm name="tmp_s"/></StgValue>
</operation>

<operation id="62" st_id="6" stage="5" lat="6">
<core>Int2Double</core>
<MemPortIdVec></MemPortIdVec>
<condition id="9">
<or_exp><and_exp></and_exp></or_exp>
</condition>

<Node id="35" bw="64" op_0_bw="32">
<![CDATA[
:16  %tmp_2 = sitofp i32 %tmp_14 to double

]]></Node>
<StgValue><ssdm name="tmp_2"/></StgValue>
</operation>
</state>

<state id="7" st_id="7">

<operation id="63" st_id="7" stage="4" lat="6">
<core>Int2Double</core>
<MemPortIdVec></MemPortIdVec>
<condition id="10">
<or_exp><and_exp></and_exp></or_exp>
</condition>

<Node id="32" bw="64" op_0_bw="32">
<![CDATA[
:13  %tmp_s = sitofp i32 %tmp_13 to double

]]></Node>
<StgValue><ssdm name="tmp_s"/></StgValue>
</operation>

<operation id="64" st_id="7" stage="4" lat="6">
<core>Int2Double</core>
<MemPortIdVec></MemPortIdVec>
<condition id="10">
<or_exp><and_exp></and_exp></or_exp>
</condition>

<Node id="35" bw="64" op_0_bw="32">
<![CDATA[
:16  %tmp_2 = sitofp i32 %tmp_14 to double

]]></Node>
<StgValue><ssdm name="tmp_2"/></StgValue>
</operation>
</state>

<state id="8" st_id="8">

<operation id="65" st_id="8" stage="1" lat="1">
<core>AddSub</core>
<MemPortIdVec></MemPortIdVec>
<condition id="11">
<or_exp><and_exp></and_exp></or_exp>
</condition>

<Node id="27" bw="10" op_0_bw="10" op_1_bw="10">
<![CDATA[
:8  %sum4 = add i10 2, %tmp_7

]]></Node>
<StgValue><ssdm name="sum4"/></StgValue>
</operation>

<operation id="66" st_id="8" stage="1" lat="1">
<core>NULL</core>
<MemPortIdVec></MemPortIdVec>
<condition id="11">
<or_exp><and_exp></and_exp></or_exp>
</condition>

<Node id="28" bw="32" op_0_bw="10">
<![CDATA[
:9  %sum4_cast = zext i10 %sum4 to i32

]]></Node>
<StgValue><ssdm name="sum4_cast"/></StgValue>
</operation>

<operation id="67" st_id="8" stage="1" lat="1">
<core>NULL</core>
<MemPortIdVec></MemPortIdVec>
<condition id="11">
<or_exp><and_exp></and_exp></or_exp>
</condition>

<Node id="29" bw="9" op_0_bw="8" op_1_bw="32" op_2_bw="32">
<![CDATA[
:10  %pixelInput_addr_2 = getelementptr [450 x i8]* %pixelInput, i32 0, i32 %sum4_cast

]]></Node>
<StgValue><ssdm name="pixelInput_addr_2"/></StgValue>
</operation>

<operation id="68" st_id="8" stage="2" lat="2">
<core>RAM_1P</core>
<MemPortIdVec>0 </MemPortIdVec>
<condition id="11">
<or_exp><and_exp></and_exp></or_exp>
</condition>

<Node id="30" bw="8" op_0_bw="9">
<![CDATA[
:11  %pixelInput_load_2 = load i8* %pixelInput_addr_2, align 1

]]></Node>
<StgValue><ssdm name="pixelInput_load_2"/></StgValue>
</operation>

<operation id="69" st_id="8" stage="3" lat="6">
<core>Int2Double</core>
<MemPortIdVec></MemPortIdVec>
<condition id="11">
<or_exp><and_exp></and_exp></or_exp>
</condition>

<Node id="32" bw="64" op_0_bw="32">
<![CDATA[
:13  %tmp_s = sitofp i32 %tmp_13 to double

]]></Node>
<StgValue><ssdm name="tmp_s"/></StgValue>
</operation>

<operation id="70" st_id="8" stage="3" lat="6">
<core>Int2Double</core>
<MemPortIdVec></MemPortIdVec>
<condition id="11">
<or_exp><and_exp></and_exp></or_exp>
</condition>

<Node id="35" bw="64" op_0_bw="32">
<![CDATA[
:16  %tmp_2 = sitofp i32 %tmp_14 to double

]]></Node>
<StgValue><ssdm name="tmp_2"/></StgValue>
</operation>
</state>

<state id="9" st_id="9">

<operation id="71" st_id="9" stage="1" lat="2">
<core>RAM_1P</core>
<MemPortIdVec>0 </MemPortIdVec>
<condition id="12">
<or_exp><and_exp></and_exp></or_exp>
</condition>

<Node id="30" bw="8" op_0_bw="9">
<![CDATA[
:11  %pixelInput_load_2 = load i8* %pixelInput_addr_2, align 1

]]></Node>
<StgValue><ssdm name="pixelInput_load_2"/></StgValue>
</operation>

<operation id="72" st_id="9" stage="2" lat="6">
<core>Int2Double</core>
<MemPortIdVec></MemPortIdVec>
<condition id="12">
<or_exp><and_exp></and_exp></or_exp>
</condition>

<Node id="32" bw="64" op_0_bw="32">
<![CDATA[
:13  %tmp_s = sitofp i32 %tmp_13 to double

]]></Node>
<StgValue><ssdm name="tmp_s"/></StgValue>
</operation>

<operation id="73" st_id="9" stage="2" lat="6">
<core>Int2Double</core>
<MemPortIdVec></MemPortIdVec>
<condition id="12">
<or_exp><and_exp></and_exp></or_exp>
</condition>

<Node id="35" bw="64" op_0_bw="32">
<![CDATA[
:16  %tmp_2 = sitofp i32 %tmp_14 to double

]]></Node>
<StgValue><ssdm name="tmp_2"/></StgValue>
</operation>
</state>

<state id="10" st_id="10">

<operation id="74" st_id="10" stage="1" lat="6">
<core>Int2Double</core>
<MemPortIdVec></MemPortIdVec>
<condition id="13">
<or_exp><and_exp></and_exp></or_exp>
</condition>

<Node id="32" bw="64" op_0_bw="32">
<![CDATA[
:13  %tmp_s = sitofp i32 %tmp_13 to double

]]></Node>
<StgValue><ssdm name="tmp_s"/></StgValue>
</operation>

<operation id="75" st_id="10" stage="1" lat="6">
<core>Int2Double</core>
<MemPortIdVec></MemPortIdVec>
<condition id="13">
<or_exp><and_exp></and_exp></or_exp>
</condition>

<Node id="35" bw="64" op_0_bw="32">
<![CDATA[
:16  %tmp_2 = sitofp i32 %tmp_14 to double

]]></Node>
<StgValue><ssdm name="tmp_2"/></StgValue>
</operation>

<operation id="76" st_id="10" stage="1" lat="1">
<core>NULL</core>
<MemPortIdVec></MemPortIdVec>
<condition id="13">
<or_exp><and_exp></and_exp></or_exp>
</condition>

<Node id="38" bw="32" op_0_bw="8">
<![CDATA[
:19  %tmp_15 = sext i8 %pixelInput_load_2 to i32

]]></Node>
<StgValue><ssdm name="tmp_15"/></StgValue>
</operation>

<operation id="77" st_id="10" stage="6" lat="6">
<core>Int2Double</core>
<MemPortIdVec></MemPortIdVec>
<condition id="13">
<or_exp><and_exp></and_exp></or_exp>
</condition>

<Node id="39" bw="64" op_0_bw="32">
<![CDATA[
:20  %tmp_5 = sitofp i32 %tmp_15 to double

]]></Node>
<StgValue><ssdm name="tmp_5"/></StgValue>
</operation>
</state>

<state id="11" st_id="11">

<operation id="78" st_id="11" stage="6" lat="6">
<core>DMul</core>
<MemPortIdVec></MemPortIdVec>
<condition id="14">
<or_exp><and_exp></and_exp></or_exp>
</condition>

<Node id="33" bw="64" op_0_bw="64" op_1_bw="64">
<![CDATA[
:14  %tmp_1 = fmul double %tmp_s, 1.100000e-01

]]></Node>
<StgValue><ssdm name="tmp_1"/></StgValue>
</operation>

<operation id="79" st_id="11" stage="6" lat="6">
<core>DMul</core>
<MemPortIdVec></MemPortIdVec>
<condition id="14">
<or_exp><and_exp></and_exp></or_exp>
</condition>

<Node id="36" bw="64" op_0_bw="64" op_1_bw="64">
<![CDATA[
:17  %tmp_3 = fmul double %tmp_2, 5.900000e-01

]]></Node>
<StgValue><ssdm name="tmp_3"/></StgValue>
</operation>

<operation id="80" st_id="11" stage="5" lat="6">
<core>Int2Double</core>
<MemPortIdVec></MemPortIdVec>
<condition id="14">
<or_exp><and_exp></and_exp></or_exp>
</condition>

<Node id="39" bw="64" op_0_bw="32">
<![CDATA[
:20  %tmp_5 = sitofp i32 %tmp_15 to double

]]></Node>
<StgValue><ssdm name="tmp_5"/></StgValue>
</operation>
</state>

<state id="12" st_id="12">

<operation id="81" st_id="12" stage="5" lat="6">
<core>DMul</core>
<MemPortIdVec></MemPortIdVec>
<condition id="15">
<or_exp><and_exp></and_exp></or_exp>
</condition>

<Node id="33" bw="64" op_0_bw="64" op_1_bw="64">
<![CDATA[
:14  %tmp_1 = fmul double %tmp_s, 1.100000e-01

]]></Node>
<StgValue><ssdm name="tmp_1"/></StgValue>
</operation>

<operation id="82" st_id="12" stage="5" lat="6">
<core>DMul</core>
<MemPortIdVec></MemPortIdVec>
<condition id="15">
<or_exp><and_exp></and_exp></or_exp>
</condition>

<Node id="36" bw="64" op_0_bw="64" op_1_bw="64">
<![CDATA[
:17  %tmp_3 = fmul double %tmp_2, 5.900000e-01

]]></Node>
<StgValue><ssdm name="tmp_3"/></StgValue>
</operation>

<operation id="83" st_id="12" stage="4" lat="6">
<core>Int2Double</core>
<MemPortIdVec></MemPortIdVec>
<condition id="15">
<or_exp><and_exp></and_exp></or_exp>
</condition>

<Node id="39" bw="64" op_0_bw="32">
<![CDATA[
:20  %tmp_5 = sitofp i32 %tmp_15 to double

]]></Node>
<StgValue><ssdm name="tmp_5"/></StgValue>
</operation>
</state>

<state id="13" st_id="13">

<operation id="84" st_id="13" stage="4" lat="6">
<core>DMul</core>
<MemPortIdVec></MemPortIdVec>
<condition id="16">
<or_exp><and_exp></and_exp></or_exp>
</condition>

<Node id="33" bw="64" op_0_bw="64" op_1_bw="64">
<![CDATA[
:14  %tmp_1 = fmul double %tmp_s, 1.100000e-01

]]></Node>
<StgValue><ssdm name="tmp_1"/></StgValue>
</operation>

<operation id="85" st_id="13" stage="4" lat="6">
<core>DMul</core>
<MemPortIdVec></MemPortIdVec>
<condition id="16">
<or_exp><and_exp></and_exp></or_exp>
</condition>

<Node id="36" bw="64" op_0_bw="64" op_1_bw="64">
<![CDATA[
:17  %tmp_3 = fmul double %tmp_2, 5.900000e-01

]]></Node>
<StgValue><ssdm name="tmp_3"/></StgValue>
</operation>

<operation id="86" st_id="13" stage="3" lat="6">
<core>Int2Double</core>
<MemPortIdVec></MemPortIdVec>
<condition id="16">
<or_exp><and_exp></and_exp></or_exp>
</condition>

<Node id="39" bw="64" op_0_bw="32">
<![CDATA[
:20  %tmp_5 = sitofp i32 %tmp_15 to double

]]></Node>
<StgValue><ssdm name="tmp_5"/></StgValue>
</operation>
</state>

<state id="14" st_id="14">

<operation id="87" st_id="14" stage="3" lat="6">
<core>DMul</core>
<MemPortIdVec></MemPortIdVec>
<condition id="17">
<or_exp><and_exp></and_exp></or_exp>
</condition>

<Node id="33" bw="64" op_0_bw="64" op_1_bw="64">
<![CDATA[
:14  %tmp_1 = fmul double %tmp_s, 1.100000e-01

]]></Node>
<StgValue><ssdm name="tmp_1"/></StgValue>
</operation>

<operation id="88" st_id="14" stage="3" lat="6">
<core>DMul</core>
<MemPortIdVec></MemPortIdVec>
<condition id="17">
<or_exp><and_exp></and_exp></or_exp>
</condition>

<Node id="36" bw="64" op_0_bw="64" op_1_bw="64">
<![CDATA[
:17  %tmp_3 = fmul double %tmp_2, 5.900000e-01

]]></Node>
<StgValue><ssdm name="tmp_3"/></StgValue>
</operation>

<operation id="89" st_id="14" stage="2" lat="6">
<core>Int2Double</core>
<MemPortIdVec></MemPortIdVec>
<condition id="17">
<or_exp><and_exp></and_exp></or_exp>
</condition>

<Node id="39" bw="64" op_0_bw="32">
<![CDATA[
:20  %tmp_5 = sitofp i32 %tmp_15 to double

]]></Node>
<StgValue><ssdm name="tmp_5"/></StgValue>
</operation>
</state>

<state id="15" st_id="15">

<operation id="90" st_id="15" stage="2" lat="6">
<core>DMul</core>
<MemPortIdVec></MemPortIdVec>
<condition id="18">
<or_exp><and_exp></and_exp></or_exp>
</condition>

<Node id="33" bw="64" op_0_bw="64" op_1_bw="64">
<![CDATA[
:14  %tmp_1 = fmul double %tmp_s, 1.100000e-01

]]></Node>
<StgValue><ssdm name="tmp_1"/></StgValue>
</operation>

<operation id="91" st_id="15" stage="2" lat="6">
<core>DMul</core>
<MemPortIdVec></MemPortIdVec>
<condition id="18">
<or_exp><and_exp></and_exp></or_exp>
</condition>

<Node id="36" bw="64" op_0_bw="64" op_1_bw="64">
<![CDATA[
:17  %tmp_3 = fmul double %tmp_2, 5.900000e-01

]]></Node>
<StgValue><ssdm name="tmp_3"/></StgValue>
</operation>

<operation id="92" st_id="15" stage="1" lat="6">
<core>Int2Double</core>
<MemPortIdVec></MemPortIdVec>
<condition id="18">
<or_exp><and_exp></and_exp></or_exp>
</condition>

<Node id="39" bw="64" op_0_bw="32">
<![CDATA[
:20  %tmp_5 = sitofp i32 %tmp_15 to double

]]></Node>
<StgValue><ssdm name="tmp_5"/></StgValue>
</operation>
</state>

<state id="16" st_id="16">

<operation id="93" st_id="16" stage="1" lat="6">
<core>DMul</core>
<MemPortIdVec></MemPortIdVec>
<condition id="19">
<or_exp><and_exp></and_exp></or_exp>
</condition>

<Node id="33" bw="64" op_0_bw="64" op_1_bw="64">
<![CDATA[
:14  %tmp_1 = fmul double %tmp_s, 1.100000e-01

]]></Node>
<StgValue><ssdm name="tmp_1"/></StgValue>
</operation>

<operation id="94" st_id="16" stage="1" lat="6">
<core>DMul</core>
<MemPortIdVec></MemPortIdVec>
<condition id="19">
<or_exp><and_exp></and_exp></or_exp>
</condition>

<Node id="36" bw="64" op_0_bw="64" op_1_bw="64">
<![CDATA[
:17  %tmp_3 = fmul double %tmp_2, 5.900000e-01

]]></Node>
<StgValue><ssdm name="tmp_3"/></StgValue>
</operation>

<operation id="95" st_id="16" stage="6" lat="6">
<core>DMul</core>
<MemPortIdVec></MemPortIdVec>
<condition id="19">
<or_exp><and_exp></and_exp></or_exp>
</condition>

<Node id="40" bw="64" op_0_bw="64" op_1_bw="64">
<![CDATA[
:21  %tmp_6 = fmul double %tmp_5, 3.000000e-01

]]></Node>
<StgValue><ssdm name="tmp_6"/></StgValue>
</operation>
</state>

<state id="17" st_id="17">

<operation id="96" st_id="17" stage="5" lat="5">
<core>DAddSub</core>
<MemPortIdVec></MemPortIdVec>
<condition id="20">
<or_exp><and_exp></and_exp></or_exp>
</condition>

<Node id="37" bw="64" op_0_bw="64" op_1_bw="64">
<![CDATA[
:18  %tmp_4 = fadd double %tmp_1, %tmp_3

]]></Node>
<StgValue><ssdm name="tmp_4"/></StgValue>
</operation>

<operation id="97" st_id="17" stage="5" lat="6">
<core>DMul</core>
<MemPortIdVec></MemPortIdVec>
<condition id="20">
<or_exp><and_exp></and_exp></or_exp>
</condition>

<Node id="40" bw="64" op_0_bw="64" op_1_bw="64">
<![CDATA[
:21  %tmp_6 = fmul double %tmp_5, 3.000000e-01

]]></Node>
<StgValue><ssdm name="tmp_6"/></StgValue>
</operation>
</state>

<state id="18" st_id="18">

<operation id="98" st_id="18" stage="4" lat="5">
<core>DAddSub</core>
<MemPortIdVec></MemPortIdVec>
<condition id="21">
<or_exp><and_exp></and_exp></or_exp>
</condition>

<Node id="37" bw="64" op_0_bw="64" op_1_bw="64">
<![CDATA[
:18  %tmp_4 = fadd double %tmp_1, %tmp_3

]]></Node>
<StgValue><ssdm name="tmp_4"/></StgValue>
</operation>

<operation id="99" st_id="18" stage="4" lat="6">
<core>DMul</core>
<MemPortIdVec></MemPortIdVec>
<condition id="21">
<or_exp><and_exp></and_exp></or_exp>
</condition>

<Node id="40" bw="64" op_0_bw="64" op_1_bw="64">
<![CDATA[
:21  %tmp_6 = fmul double %tmp_5, 3.000000e-01

]]></Node>
<StgValue><ssdm name="tmp_6"/></StgValue>
</operation>
</state>

<state id="19" st_id="19">

<operation id="100" st_id="19" stage="3" lat="5">
<core>DAddSub</core>
<MemPortIdVec></MemPortIdVec>
<condition id="22">
<or_exp><and_exp></and_exp></or_exp>
</condition>

<Node id="37" bw="64" op_0_bw="64" op_1_bw="64">
<![CDATA[
:18  %tmp_4 = fadd double %tmp_1, %tmp_3

]]></Node>
<StgValue><ssdm name="tmp_4"/></StgValue>
</operation>

<operation id="101" st_id="19" stage="3" lat="6">
<core>DMul</core>
<MemPortIdVec></MemPortIdVec>
<condition id="22">
<or_exp><and_exp></and_exp></or_exp>
</condition>

<Node id="40" bw="64" op_0_bw="64" op_1_bw="64">
<![CDATA[
:21  %tmp_6 = fmul double %tmp_5, 3.000000e-01

]]></Node>
<StgValue><ssdm name="tmp_6"/></StgValue>
</operation>
</state>

<state id="20" st_id="20">

<operation id="102" st_id="20" stage="2" lat="5">
<core>DAddSub</core>
<MemPortIdVec></MemPortIdVec>
<condition id="23">
<or_exp><and_exp></and_exp></or_exp>
</condition>

<Node id="37" bw="64" op_0_bw="64" op_1_bw="64">
<![CDATA[
:18  %tmp_4 = fadd double %tmp_1, %tmp_3

]]></Node>
<StgValue><ssdm name="tmp_4"/></StgValue>
</operation>

<operation id="103" st_id="20" stage="2" lat="6">
<core>DMul</core>
<MemPortIdVec></MemPortIdVec>
<condition id="23">
<or_exp><and_exp></and_exp></or_exp>
</condition>

<Node id="40" bw="64" op_0_bw="64" op_1_bw="64">
<![CDATA[
:21  %tmp_6 = fmul double %tmp_5, 3.000000e-01

]]></Node>
<StgValue><ssdm name="tmp_6"/></StgValue>
</operation>
</state>

<state id="21" st_id="21">

<operation id="104" st_id="21" stage="1" lat="5">
<core>DAddSub</core>
<MemPortIdVec></MemPortIdVec>
<condition id="24">
<or_exp><and_exp></and_exp></or_exp>
</condition>

<Node id="37" bw="64" op_0_bw="64" op_1_bw="64">
<![CDATA[
:18  %tmp_4 = fadd double %tmp_1, %tmp_3

]]></Node>
<StgValue><ssdm name="tmp_4"/></StgValue>
</operation>

<operation id="105" st_id="21" stage="1" lat="6">
<core>DMul</core>
<MemPortIdVec></MemPortIdVec>
<condition id="24">
<or_exp><and_exp></and_exp></or_exp>
</condition>

<Node id="40" bw="64" op_0_bw="64" op_1_bw="64">
<![CDATA[
:21  %tmp_6 = fmul double %tmp_5, 3.000000e-01

]]></Node>
<StgValue><ssdm name="tmp_6"/></StgValue>
</operation>
</state>

<state id="22" st_id="22">

<operation id="106" st_id="22" stage="5" lat="5">
<core>DAddSub</core>
<MemPortIdVec></MemPortIdVec>
<condition id="25">
<or_exp><and_exp></and_exp></or_exp>
</condition>

<Node id="41" bw="64" op_0_bw="64" op_1_bw="64">
<![CDATA[
:22  %x_assign = fadd double %tmp_4, %tmp_6

]]></Node>
<StgValue><ssdm name="x_assign"/></StgValue>
</operation>
</state>

<state id="23" st_id="23">

<operation id="107" st_id="23" stage="4" lat="5">
<core>DAddSub</core>
<MemPortIdVec></MemPortIdVec>
<condition id="26">
<or_exp><and_exp></and_exp></or_exp>
</condition>

<Node id="41" bw="64" op_0_bw="64" op_1_bw="64">
<![CDATA[
:22  %x_assign = fadd double %tmp_4, %tmp_6

]]></Node>
<StgValue><ssdm name="x_assign"/></StgValue>
</operation>
</state>

<state id="24" st_id="24">

<operation id="108" st_id="24" stage="3" lat="5">
<core>DAddSub</core>
<MemPortIdVec></MemPortIdVec>
<condition id="27">
<or_exp><and_exp></and_exp></or_exp>
</condition>

<Node id="41" bw="64" op_0_bw="64" op_1_bw="64">
<![CDATA[
:22  %x_assign = fadd double %tmp_4, %tmp_6

]]></Node>
<StgValue><ssdm name="x_assign"/></StgValue>
</operation>
</state>

<state id="25" st_id="25">

<operation id="109" st_id="25" stage="2" lat="5">
<core>DAddSub</core>
<MemPortIdVec></MemPortIdVec>
<condition id="28">
<or_exp><and_exp></and_exp></or_exp>
</condition>

<Node id="41" bw="64" op_0_bw="64" op_1_bw="64">
<![CDATA[
:22  %x_assign = fadd double %tmp_4, %tmp_6

]]></Node>
<StgValue><ssdm name="x_assign"/></StgValue>
</operation>
</state>

<state id="26" st_id="26">

<operation id="110" st_id="26" stage="1" lat="5">
<core>DAddSub</core>
<MemPortIdVec></MemPortIdVec>
<condition id="29">
<or_exp><and_exp></and_exp></or_exp>
</condition>

<Node id="41" bw="64" op_0_bw="64" op_1_bw="64">
<![CDATA[
:22  %x_assign = fadd double %tmp_4, %tmp_6

]]></Node>
<StgValue><ssdm name="x_assign"/></StgValue>
</operation>
</state>

<state id="27" st_id="27">

<operation id="111" st_id="27" stage="1" lat="1">
<core>NULL</core>
<MemPortIdVec></MemPortIdVec>
<condition id="30">
<or_exp><and_exp></and_exp></or_exp>
</condition>

<Node id="42" bw="64" op_0_bw="64">
<![CDATA[
:23  %p_Val2_s = bitcast double %x_assign to i64

]]></Node>
<StgValue><ssdm name="p_Val2_s"/></StgValue>
</operation>

<operation id="112" st_id="27" stage="1" lat="1">
<core>NULL</core>
<MemPortIdVec></MemPortIdVec>
<condition id="30">
<or_exp><and_exp></and_exp></or_exp>
</condition>

<Node id="43" bw="1" op_0_bw="1" op_1_bw="64" op_2_bw="32">
<![CDATA[
:24  %p_Result_s = call i1 @_ssdm_op_BitSelect.i1.i64.i32(i64 %p_Val2_s, i32 63)

]]></Node>
<StgValue><ssdm name="p_Result_s"/></StgValue>
</operation>

<operation id="113" st_id="27" stage="1" lat="1">
<core>NULL</core>
<MemPortIdVec></MemPortIdVec>
<condition id="30">
<or_exp><and_exp></and_exp></or_exp>
</condition>

<Node id="44" bw="11" op_0_bw="11" op_1_bw="64" op_2_bw="32" op_3_bw="32">
<![CDATA[
:25  %loc_V = call i11 @_ssdm_op_PartSelect.i11.i64.i32.i32(i64 %p_Val2_s, i32 52, i32 62) nounwind

]]></Node>
<StgValue><ssdm name="loc_V"/></StgValue>
</operation>

<operation id="114" st_id="27" stage="1" lat="1">
<core>NULL</core>
<MemPortIdVec></MemPortIdVec>
<condition id="30">
<or_exp><and_exp></and_exp></or_exp>
</condition>

<Node id="45" bw="52" op_0_bw="64">
<![CDATA[
:26  %loc_V_1 = trunc i64 %p_Val2_s to i52

]]></Node>
<StgValue><ssdm name="loc_V_1"/></StgValue>
</operation>

<operation id="115" st_id="27" stage="1" lat="1">
<core>NULL</core>
<MemPortIdVec></MemPortIdVec>
<condition id="30">
<or_exp><and_exp></and_exp></or_exp>
</condition>

<Node id="48" bw="12" op_0_bw="11">
<![CDATA[
:29  %tmp_i_i_i_i_cast1 = zext i11 %loc_V to i12

]]></Node>
<StgValue><ssdm name="tmp_i_i_i_i_cast1"/></StgValue>
</operation>

<operation id="116" st_id="27" stage="1" lat="1">
<core>AddSub</core>
<MemPortIdVec></MemPortIdVec>
<condition id="30">
<or_exp><and_exp></and_exp></or_exp>
</condition>

<Node id="49" bw="12" op_0_bw="12" op_1_bw="12">
<![CDATA[
:30  %sh_assign = add i12 -1023, %tmp_i_i_i_i_cast1

]]></Node>
<StgValue><ssdm name="sh_assign"/></StgValue>
</operation>

<operation id="117" st_id="27" stage="1" lat="1">
<core>NULL</core>
<MemPortIdVec></MemPortIdVec>
<condition id="30">
<or_exp><and_exp></and_exp></or_exp>
</condition>

<Node id="50" bw="1" op_0_bw="1" op_1_bw="12" op_2_bw="32">
<![CDATA[
:31  %isNeg = call i1 @_ssdm_op_BitSelect.i1.i12.i32(i12 %sh_assign, i32 11)

]]></Node>
<StgValue><ssdm name="isNeg"/></StgValue>
</operation>

<operation id="118" st_id="27" stage="1" lat="1">
<core>AddSub</core>
<MemPortIdVec></MemPortIdVec>
<condition id="30">
<or_exp><and_exp></and_exp></or_exp>
</condition>

<Node id="51" bw="11" op_0_bw="11" op_1_bw="11">
<![CDATA[
:32  %tmp_3_i_i_i = sub i11 1023, %loc_V

]]></Node>
<StgValue><ssdm name="tmp_3_i_i_i"/></StgValue>
</operation>

<operation id="119" st_id="27" stage="1" lat="1">
<core>NULL</core>
<MemPortIdVec></MemPortIdVec>
<condition id="30">
<or_exp><and_exp></and_exp></or_exp>
</condition>

<Node id="52" bw="12" op_0_bw="11">
<![CDATA[
:33  %tmp_3_i_i_i_cast = sext i11 %tmp_3_i_i_i to i12

]]></Node>
<StgValue><ssdm name="tmp_3_i_i_i_cast"/></StgValue>
</operation>

<operation id="120" st_id="27" stage="1" lat="1">
<core>Sel</core>
<MemPortIdVec></MemPortIdVec>
<condition id="30">
<or_exp><and_exp></and_exp></or_exp>
</condition>

<Node id="53" bw="12" op_0_bw="1" op_1_bw="12" op_2_bw="12">
<![CDATA[
:34  %sh_assign_1 = select i1 %isNeg, i12 %tmp_3_i_i_i_cast, i12 %sh_assign

]]></Node>
<StgValue><ssdm name="sh_assign_1"/></StgValue>
</operation>
</state>

<state id="28" st_id="28">

<operation id="121" st_id="28" stage="1" lat="1">
<core>NULL</core>
<MemPortIdVec></MemPortIdVec>
<condition id="31">
<or_exp><and_exp></and_exp></or_exp>
</condition>

<Node id="46" bw="54" op_0_bw="54" op_1_bw="1" op_2_bw="52" op_3_bw="1">
<![CDATA[
:27  %tmp_1_i_i_i = call i54 @_ssdm_op_BitConcatenate.i54.i1.i52.i1(i1 true, i52 %loc_V_1, i1 false)

]]></Node>
<StgValue><ssdm name="tmp_1_i_i_i"/></StgValue>
</operation>

<operation id="122" st_id="28" stage="1" lat="1">
<core>NULL</core>
<MemPortIdVec></MemPortIdVec>
<condition id="77">
<or_exp><and_exp><literal name="isNeg" val="0"/>
</and_exp></or_exp>
</condition>

<Node id="47" bw="137" op_0_bw="54">
<![CDATA[
:28  %tmp_1_i_i_i_cast = zext i54 %tmp_1_i_i_i to i137

]]></Node>
<StgValue><ssdm name="tmp_1_i_i_i_cast"/></StgValue>
</operation>

<operation id="123" st_id="28" stage="1" lat="1">
<core>NULL</core>
<MemPortIdVec></MemPortIdVec>
<condition id="31">
<or_exp><and_exp></and_exp></or_exp>
</condition>

<Node id="54" bw="32" op_0_bw="12">
<![CDATA[
:35  %sh_assign_1_cast = sext i12 %sh_assign_1 to i32

]]></Node>
<StgValue><ssdm name="sh_assign_1_cast"/></StgValue>
</operation>

<operation id="124" st_id="28" stage="1" lat="1">
<core>NULL</core>
<MemPortIdVec></MemPortIdVec>
<condition id="78">
<or_exp><and_exp><literal name="isNeg" val="0"/>
</and_exp></or_exp>
</condition>

<Node id="55" bw="137" op_0_bw="32">
<![CDATA[
:36  %tmp_5_i_i_i = zext i32 %sh_assign_1_cast to i137

]]></Node>
<StgValue><ssdm name="tmp_5_i_i_i"/></StgValue>
</operation>

<operation id="125" st_id="28" stage="1" lat="1">
<core>NULL</core>
<MemPortIdVec></MemPortIdVec>
<condition id="74">
<or_exp><and_exp><literal name="isNeg" val="1"/>
</and_exp></or_exp>
</condition>

<Node id="56" bw="54" op_0_bw="32">
<![CDATA[
:37  %tmp_5_i_i_i_cast = zext i32 %sh_assign_1_cast to i54

]]></Node>
<StgValue><ssdm name="tmp_5_i_i_i_cast"/></StgValue>
</operation>

<operation id="126" st_id="28" stage="1" lat="1">
<core>Shift</core>
<MemPortIdVec></MemPortIdVec>
<condition id="73">
<or_exp><and_exp><literal name="isNeg" val="1"/>
</and_exp></or_exp>
</condition>

<Node id="57" bw="54" op_0_bw="54" op_1_bw="54">
<![CDATA[
:38  %tmp_6_i_i_i = lshr i54 %tmp_1_i_i_i, %tmp_5_i_i_i_cast

]]></Node>
<StgValue><ssdm name="tmp_6_i_i_i"/></StgValue>
</operation>

<operation id="127" st_id="28" stage="1" lat="1">
<core>Shift</core>
<MemPortIdVec></MemPortIdVec>
<condition id="76">
<or_exp><and_exp><literal name="isNeg" val="0"/>
</and_exp></or_exp>
</condition>

<Node id="58" bw="137" op_0_bw="137" op_1_bw="137">
<![CDATA[
:39  %tmp_8_i_i_i = shl i137 %tmp_1_i_i_i_cast, %tmp_5_i_i_i

]]></Node>
<StgValue><ssdm name="tmp_8_i_i_i"/></StgValue>
</operation>

<operation id="128" st_id="28" stage="1" lat="1">
<core>NULL</core>
<MemPortIdVec></MemPortIdVec>
<condition id="72">
<or_exp><and_exp><literal name="isNeg" val="1"/>
</and_exp></or_exp>
</condition>

<Node id="59" bw="1" op_0_bw="1" op_1_bw="54" op_2_bw="32">
<![CDATA[
:40  %tmp_19 = call i1 @_ssdm_op_BitSelect.i1.i54.i32(i54 %tmp_6_i_i_i, i32 53)

]]></Node>
<StgValue><ssdm name="tmp_19"/></StgValue>
</operation>

<operation id="129" st_id="28" stage="1" lat="1">
<core>NULL</core>
<MemPortIdVec></MemPortIdVec>
<condition id="71">
<or_exp><and_exp><literal name="isNeg" val="1"/>
</and_exp></or_exp>
</condition>

<Node id="60" bw="8" op_0_bw="1">
<![CDATA[
:41  %tmp_10 = zext i1 %tmp_19 to i8

]]></Node>
<StgValue><ssdm name="tmp_10"/></StgValue>
</operation>

<operation id="130" st_id="28" stage="1" lat="1">
<core>NULL</core>
<MemPortIdVec></MemPortIdVec>
<condition id="75">
<or_exp><and_exp><literal name="isNeg" val="0"/>
</and_exp></or_exp>
</condition>

<Node id="61" bw="8" op_0_bw="8" op_1_bw="137" op_2_bw="32" op_3_bw="32">
<![CDATA[
:42  %tmp_11 = call i8 @_ssdm_op_PartSelect.i8.i137.i32.i32(i137 %tmp_8_i_i_i, i32 53, i32 60)

]]></Node>
<StgValue><ssdm name="tmp_11"/></StgValue>
</operation>

<operation id="131" st_id="28" stage="1" lat="1">
<core>Sel</core>
<MemPortIdVec></MemPortIdVec>
<condition id="31">
<or_exp><and_exp></and_exp></or_exp>
</condition>

<Node id="62" bw="8" op_0_bw="1" op_1_bw="8" op_2_bw="8">
<![CDATA[
:43  %tmp_12 = select i1 %isNeg, i8 %tmp_10, i8 %tmp_11

]]></Node>
<StgValue><ssdm name="tmp_12"/></StgValue>
</operation>
</state>

<state id="29" st_id="29">

<operation id="132" st_id="29" stage="1" lat="1">
<core>AddSub</core>
<MemPortIdVec></MemPortIdVec>
<condition id="80">
<or_exp><and_exp><literal name="p_Result_s" val="1"/>
</and_exp></or_exp>
</condition>

<Node id="63" bw="8" op_0_bw="8" op_1_bw="8">
<![CDATA[
:44  %tmp_8 = sub i8 0, %tmp_12

]]></Node>
<StgValue><ssdm name="tmp_8"/></StgValue>
</operation>

<operation id="133" st_id="29" stage="1" lat="1">
<core>Sel</core>
<MemPortIdVec></MemPortIdVec>
<condition id="32">
<or_exp><and_exp></and_exp></or_exp>
</condition>

<Node id="64" bw="8" op_0_bw="1" op_1_bw="8" op_2_bw="8">
<![CDATA[
:45  %tmp_9 = select i1 %p_Result_s, i8 %tmp_8, i8 %tmp_12

]]></Node>
<StgValue><ssdm name="tmp_9"/></StgValue>
</operation>

<operation id="134" st_id="29" stage="1" lat="1">
<core>NULL</core>
<MemPortIdVec></MemPortIdVec>
<condition id="32">
<or_exp><and_exp></and_exp></or_exp>
</condition>

<Node id="65" bw="9" op_0_bw="8" op_1_bw="32" op_2_bw="32">
<![CDATA[
:46  %pixelOutput_addr = getelementptr [450 x i8]* %pixelOutput, i32 0, i32 %pixelStart_1_load_1

]]></Node>
<StgValue><ssdm name="pixelOutput_addr"/></StgValue>
</operation>

<operation id="135" st_id="29" stage="1" lat="1">
<core>RAM_1P</core>
<MemPortIdVec>0 </MemPortIdVec>
<condition id="32">
<or_exp><and_exp></and_exp></or_exp>
</condition>

<Node id="66" bw="0" op_0_bw="8" op_1_bw="9">
<![CDATA[
:47  store i8 %tmp_9, i8* %pixelOutput_addr, align 1

]]></Node>
<StgValue><ssdm name=""/></StgValue>
</operation>

<operation id="136" st_id="29" stage="1" lat="1">
<core>AddSub</core>
<MemPortIdVec></MemPortIdVec>
<condition id="32">
<or_exp><and_exp></and_exp></or_exp>
</condition>

<Node id="71" bw="32" op_0_bw="32" op_1_bw="32">
<![CDATA[
:52  %pixelStart = add nsw i32 3, %pixelStart_1_load_1

]]></Node>
<StgValue><ssdm name="pixelStart"/></StgValue>
</operation>

<operation id="137" st_id="29" stage="1" lat="1">
<core>NULL</core>
<MemPortIdVec></MemPortIdVec>
<condition id="32">
<or_exp><and_exp></and_exp></or_exp>
</condition>

<Node id="72" bw="0" op_0_bw="32" op_1_bw="32">
<![CDATA[
:53  store i32 %pixelStart, i32* %pixelStart_1

]]></Node>
<StgValue><ssdm name=""/></StgValue>
</operation>
</state>

<state id="30" st_id="30">

<operation id="138" st_id="30" stage="1" lat="1">
<core>NULL</core>
<MemPortIdVec></MemPortIdVec>
<condition id="33">
<or_exp><and_exp></and_exp></or_exp>
</condition>

<Node id="67" bw="9" op_0_bw="8" op_1_bw="32" op_2_bw="32">
<![CDATA[
:48  %pixelOutput_addr_1 = getelementptr [450 x i8]* %pixelOutput, i32 0, i32 %sum2_cast

]]></Node>
<StgValue><ssdm name="pixelOutput_addr_1"/></StgValue>
</operation>

<operation id="139" st_id="30" stage="1" lat="1">
<core>RAM_1P</core>
<MemPortIdVec>0 </MemPortIdVec>
<condition id="33">
<or_exp><and_exp></and_exp></or_exp>
</condition>

<Node id="68" bw="0" op_0_bw="8" op_1_bw="9">
<![CDATA[
:49  store i8 %tmp_9, i8* %pixelOutput_addr_1, align 1

]]></Node>
<StgValue><ssdm name=""/></StgValue>
</operation>
</state>

<state id="31" st_id="31">

<operation id="140" st_id="31" stage="1" lat="1">
<core>NULL</core>
<MemPortIdVec></MemPortIdVec>
<condition id="34">
<or_exp><and_exp></and_exp></or_exp>
</condition>

<Node id="69" bw="9" op_0_bw="8" op_1_bw="32" op_2_bw="32">
<![CDATA[
:50  %pixelOutput_addr_2 = getelementptr [450 x i8]* %pixelOutput, i32 0, i32 %sum4_cast

]]></Node>
<StgValue><ssdm name="pixelOutput_addr_2"/></StgValue>
</operation>

<operation id="141" st_id="31" stage="1" lat="1">
<core>RAM_1P</core>
<MemPortIdVec>0 </MemPortIdVec>
<condition id="34">
<or_exp><and_exp></and_exp></or_exp>
</condition>

<Node id="70" bw="0" op_0_bw="8" op_1_bw="9">
<![CDATA[
:51  store i8 %tmp_9, i8* %pixelOutput_addr_2, align 1

]]></Node>
<StgValue><ssdm name=""/></StgValue>
</operation>

<operation id="142" st_id="31" stage="1" lat="1">
<core>NULL</core>
<MemPortIdVec></MemPortIdVec>
<condition id="34">
<or_exp><and_exp></and_exp></or_exp>
</condition>

<Node id="73" bw="0" op_0_bw="0">
<![CDATA[
:54  br label %1

]]></Node>
<StgValue><ssdm name=""/></StgValue>
</operation>
</state>
</state_list>


<ports>
<port id="175" name="pixelInput" dir="0" iftype="1">
<core>RAM_1P</core><StgValue><ssdm name="pixelInput"/><MemPortTyVec>1 </MemPortTyVec>
</StgValue>
</port>
<port id="176" name="pixelOutput" dir="1" iftype="1">
<core>RAM_1P</core><StgValue><ssdm name="pixelOutput"/><MemPortTyVec>0 </MemPortTyVec>
</StgValue>
</port>
</ports>


<dataflows>
<dataflow id="178" from="StgValue_177" to="pixelStart_1" fromId="177" toId="32">
</dataflow>
<dataflow id="180" from="_ssdm_op_SpecBitsMap" to="StgValue_33" fromId="179" toId="33">
</dataflow>
<dataflow id="181" from="pixelInput" to="StgValue_33" fromId="175" toId="33">
</dataflow>
<dataflow id="182" from="_ssdm_op_SpecBitsMap" to="StgValue_34" fromId="179" toId="34">
</dataflow>
<dataflow id="183" from="pixelOutput" to="StgValue_34" fromId="176" toId="34">
</dataflow>
<dataflow id="185" from="_ssdm_op_SpecTopModule" to="StgValue_35" fromId="184" toId="35">
</dataflow>
<dataflow id="187" from="greyScale_str" to="StgValue_35" fromId="186" toId="35">
</dataflow>
<dataflow id="189" from="_ssdm_op_SpecMemCore" to="empty" fromId="188" toId="36">
</dataflow>
<dataflow id="190" from="pixelInput" to="empty" fromId="175" toId="36">
</dataflow>
<dataflow id="192" from="p_str3" to="empty" fromId="191" toId="36">
</dataflow>
<dataflow id="194" from="RAM_1P_str" to="empty" fromId="193" toId="36">
</dataflow>
<dataflow id="195" from="p_str3" to="empty" fromId="191" toId="36">
</dataflow>
<dataflow id="197" from="StgValue_196" to="empty" fromId="196" toId="36">
</dataflow>
<dataflow id="198" from="p_str3" to="empty" fromId="191" toId="36">
</dataflow>
<dataflow id="199" from="p_str3" to="empty" fromId="191" toId="36">
</dataflow>
<dataflow id="200" from="p_str3" to="empty" fromId="191" toId="36">
</dataflow>
<dataflow id="201" from="p_str3" to="empty" fromId="191" toId="36">
</dataflow>
<dataflow id="202" from="p_str3" to="empty" fromId="191" toId="36">
</dataflow>
<dataflow id="204" from="_ssdm_op_SpecInterface" to="StgValue_37" fromId="203" toId="37">
</dataflow>
<dataflow id="205" from="pixelInput" to="StgValue_37" fromId="175" toId="37">
</dataflow>
<dataflow id="207" from="p_str" to="StgValue_37" fromId="206" toId="37">
</dataflow>
<dataflow id="209" from="StgValue_208" to="StgValue_37" fromId="208" toId="37">
</dataflow>
<dataflow id="210" from="StgValue_208" to="StgValue_37" fromId="208" toId="37">
</dataflow>
<dataflow id="212" from="p_str1" to="StgValue_37" fromId="211" toId="37">
</dataflow>
<dataflow id="213" from="StgValue_208" to="StgValue_37" fromId="208" toId="37">
</dataflow>
<dataflow id="214" from="StgValue_208" to="StgValue_37" fromId="208" toId="37">
</dataflow>
<dataflow id="215" from="p_str1" to="StgValue_37" fromId="211" toId="37">
</dataflow>
<dataflow id="216" from="p_str1" to="StgValue_37" fromId="211" toId="37">
</dataflow>
<dataflow id="217" from="p_str1" to="StgValue_37" fromId="211" toId="37">
</dataflow>
<dataflow id="218" from="StgValue_208" to="StgValue_37" fromId="208" toId="37">
</dataflow>
<dataflow id="219" from="StgValue_208" to="StgValue_37" fromId="208" toId="37">
</dataflow>
<dataflow id="220" from="StgValue_208" to="StgValue_37" fromId="208" toId="37">
</dataflow>
<dataflow id="221" from="StgValue_208" to="StgValue_37" fromId="208" toId="37">
</dataflow>
<dataflow id="222" from="p_str1" to="StgValue_37" fromId="211" toId="37">
</dataflow>
<dataflow id="223" from="p_str1" to="StgValue_37" fromId="211" toId="37">
</dataflow>
<dataflow id="224" from="_ssdm_op_SpecMemCore" to="empty_9" fromId="188" toId="38">
</dataflow>
<dataflow id="225" from="pixelOutput" to="empty_9" fromId="176" toId="38">
</dataflow>
<dataflow id="227" from="p_str4" to="empty_9" fromId="226" toId="38">
</dataflow>
<dataflow id="228" from="RAM_1P_str" to="empty_9" fromId="193" toId="38">
</dataflow>
<dataflow id="229" from="p_str4" to="empty_9" fromId="226" toId="38">
</dataflow>
<dataflow id="230" from="StgValue_196" to="empty_9" fromId="196" toId="38">
</dataflow>
<dataflow id="231" from="p_str4" to="empty_9" fromId="226" toId="38">
</dataflow>
<dataflow id="232" from="p_str4" to="empty_9" fromId="226" toId="38">
</dataflow>
<dataflow id="233" from="p_str4" to="empty_9" fromId="226" toId="38">
</dataflow>
<dataflow id="234" from="p_str4" to="empty_9" fromId="226" toId="38">
</dataflow>
<dataflow id="235" from="p_str4" to="empty_9" fromId="226" toId="38">
</dataflow>
<dataflow id="236" from="_ssdm_op_SpecInterface" to="StgValue_39" fromId="203" toId="39">
</dataflow>
<dataflow id="237" from="pixelOutput" to="StgValue_39" fromId="176" toId="39">
</dataflow>
<dataflow id="238" from="p_str" to="StgValue_39" fromId="206" toId="39">
</dataflow>
<dataflow id="239" from="StgValue_208" to="StgValue_39" fromId="208" toId="39">
</dataflow>
<dataflow id="240" from="StgValue_208" to="StgValue_39" fromId="208" toId="39">
</dataflow>
<dataflow id="241" from="p_str1" to="StgValue_39" fromId="211" toId="39">
</dataflow>
<dataflow id="242" from="StgValue_208" to="StgValue_39" fromId="208" toId="39">
</dataflow>
<dataflow id="243" from="StgValue_208" to="StgValue_39" fromId="208" toId="39">
</dataflow>
<dataflow id="244" from="p_str1" to="StgValue_39" fromId="211" toId="39">
</dataflow>
<dataflow id="245" from="p_str1" to="StgValue_39" fromId="211" toId="39">
</dataflow>
<dataflow id="246" from="p_str1" to="StgValue_39" fromId="211" toId="39">
</dataflow>
<dataflow id="247" from="StgValue_208" to="StgValue_39" fromId="208" toId="39">
</dataflow>
<dataflow id="248" from="StgValue_208" to="StgValue_39" fromId="208" toId="39">
</dataflow>
<dataflow id="249" from="StgValue_208" to="StgValue_39" fromId="208" toId="39">
</dataflow>
<dataflow id="250" from="StgValue_208" to="StgValue_39" fromId="208" toId="39">
</dataflow>
<dataflow id="251" from="p_str1" to="StgValue_39" fromId="211" toId="39">
</dataflow>
<dataflow id="252" from="p_str1" to="StgValue_39" fromId="211" toId="39">
</dataflow>
<dataflow id="253" from="_ssdm_op_SpecInterface" to="StgValue_40" fromId="203" toId="40">
</dataflow>
<dataflow id="254" from="StgValue_208" to="StgValue_40" fromId="208" toId="40">
</dataflow>
<dataflow id="255" from="p_str" to="StgValue_40" fromId="206" toId="40">
</dataflow>
<dataflow id="256" from="StgValue_208" to="StgValue_40" fromId="208" toId="40">
</dataflow>
<dataflow id="257" from="StgValue_208" to="StgValue_40" fromId="208" toId="40">
</dataflow>
<dataflow id="258" from="p_str1" to="StgValue_40" fromId="211" toId="40">
</dataflow>
<dataflow id="259" from="StgValue_208" to="StgValue_40" fromId="208" toId="40">
</dataflow>
<dataflow id="260" from="StgValue_208" to="StgValue_40" fromId="208" toId="40">
</dataflow>
<dataflow id="261" from="p_str1" to="StgValue_40" fromId="211" toId="40">
</dataflow>
<dataflow id="262" from="p_str1" to="StgValue_40" fromId="211" toId="40">
</dataflow>
<dataflow id="263" from="p_str1" to="StgValue_40" fromId="211" toId="40">
</dataflow>
<dataflow id="264" from="StgValue_208" to="StgValue_40" fromId="208" toId="40">
</dataflow>
<dataflow id="265" from="StgValue_208" to="StgValue_40" fromId="208" toId="40">
</dataflow>
<dataflow id="266" from="StgValue_208" to="StgValue_40" fromId="208" toId="40">
</dataflow>
<dataflow id="267" from="StgValue_208" to="StgValue_40" fromId="208" toId="40">
</dataflow>
<dataflow id="268" from="p_str1" to="StgValue_40" fromId="211" toId="40">
</dataflow>
<dataflow id="269" from="p_str1" to="StgValue_40" fromId="211" toId="40">
</dataflow>
<dataflow id="270" from="pixelStart_1" to="pixelStart_1_load" fromId="32" toId="42">
</dataflow>
<dataflow id="272" from="_ssdm_op_PartSelect.i30.i32.i32.i32" to="tmp" fromId="271" toId="43">
</dataflow>
<dataflow id="273" from="pixelStart_1_load" to="tmp" fromId="42" toId="43">
</dataflow>
<dataflow id="275" from="StgValue_274" to="tmp" fromId="274" toId="43">
</dataflow>
<dataflow id="277" from="StgValue_276" to="tmp" fromId="276" toId="43">
</dataflow>
<dataflow id="278" from="tmp" to="icmp" fromId="43" toId="44">
</dataflow>
<dataflow id="280" from="StgValue_279" to="icmp" fromId="279" toId="44">
</dataflow>
<dataflow id="281" from="icmp" to="StgValue_45" fromId="44" toId="45">
</dataflow>
<dataflow id="282" from="pixelStart_1" to="pixelStart_1_load_1" fromId="32" toId="46">
</dataflow>
<dataflow id="283" from="pixelInput" to="pixelInput_addr" fromId="175" toId="47">
</dataflow>
<dataflow id="284" from="StgValue_208" to="pixelInput_addr" fromId="208" toId="47">
</dataflow>
<dataflow id="285" from="pixelStart_1_load_1" to="pixelInput_addr" fromId="46" toId="47">
</dataflow>
<dataflow id="286" from="pixelInput_addr" to="pixelInput_load" fromId="47" toId="48">
</dataflow>
<dataflow id="287" from="pixelStart_1_load_1" to="tmp_7" fromId="46" toId="49">
</dataflow>
<dataflow id="288" from="pixelInput_addr" to="pixelInput_load" fromId="47" toId="51">
</dataflow>
<dataflow id="290" from="StgValue_289" to="sum2" fromId="289" toId="52">
</dataflow>
<dataflow id="291" from="tmp_7" to="sum2" fromId="49" toId="52">
</dataflow>
<dataflow id="292" from="sum2" to="sum2_cast" fromId="52" toId="53">
</dataflow>
<dataflow id="293" from="pixelInput" to="pixelInput_addr_1" fromId="175" toId="54">
</dataflow>
<dataflow id="294" from="StgValue_208" to="pixelInput_addr_1" fromId="208" toId="54">
</dataflow>
<dataflow id="295" from="sum2_cast" to="pixelInput_addr_1" fromId="53" toId="54">
</dataflow>
<dataflow id="296" from="pixelInput_addr_1" to="pixelInput_load_1" fromId="54" toId="55">
</dataflow>
<dataflow id="297" from="pixelInput_addr_1" to="pixelInput_load_1" fromId="54" toId="56">
</dataflow>
<dataflow id="298" from="pixelInput_load" to="tmp_13" fromId="51" toId="57">
</dataflow>
<dataflow id="299" from="tmp_13" to="tmp_s" fromId="57" toId="58">
</dataflow>
<dataflow id="300" from="pixelInput_load_1" to="tmp_14" fromId="56" toId="59">
</dataflow>
<dataflow id="301" from="tmp_14" to="tmp_2" fromId="59" toId="60">
</dataflow>
<dataflow id="302" from="tmp_13" to="tmp_s" fromId="57" toId="61">
</dataflow>
<dataflow id="303" from="tmp_14" to="tmp_2" fromId="59" toId="62">
</dataflow>
<dataflow id="304" from="tmp_13" to="tmp_s" fromId="57" toId="63">
</dataflow>
<dataflow id="305" from="tmp_14" to="tmp_2" fromId="59" toId="64">
</dataflow>
<dataflow id="307" from="StgValue_306" to="sum4" fromId="306" toId="65">
</dataflow>
<dataflow id="308" from="tmp_7" to="sum4" fromId="49" toId="65">
</dataflow>
<dataflow id="309" from="sum4" to="sum4_cast" fromId="65" toId="66">
</dataflow>
<dataflow id="310" from="pixelInput" to="pixelInput_addr_2" fromId="175" toId="67">
</dataflow>
<dataflow id="311" from="StgValue_208" to="pixelInput_addr_2" fromId="208" toId="67">
</dataflow>
<dataflow id="312" from="sum4_cast" to="pixelInput_addr_2" fromId="66" toId="67">
</dataflow>
<dataflow id="313" from="pixelInput_addr_2" to="pixelInput_load_2" fromId="67" toId="68">
</dataflow>
<dataflow id="314" from="tmp_13" to="tmp_s" fromId="57" toId="69">
</dataflow>
<dataflow id="315" from="tmp_14" to="tmp_2" fromId="59" toId="70">
</dataflow>
<dataflow id="316" from="pixelInput_addr_2" to="pixelInput_load_2" fromId="67" toId="71">
</dataflow>
<dataflow id="317" from="tmp_13" to="tmp_s" fromId="57" toId="72">
</dataflow>
<dataflow id="318" from="tmp_14" to="tmp_2" fromId="59" toId="73">
</dataflow>
<dataflow id="319" from="tmp_13" to="tmp_s" fromId="57" toId="74">
</dataflow>
<dataflow id="320" from="tmp_14" to="tmp_2" fromId="59" toId="75">
</dataflow>
<dataflow id="321" from="pixelInput_load_2" to="tmp_15" fromId="71" toId="76">
</dataflow>
<dataflow id="322" from="tmp_15" to="tmp_5" fromId="76" toId="77">
</dataflow>
<dataflow id="323" from="tmp_s" to="tmp_1" fromId="74" toId="78">
</dataflow>
<dataflow id="325" from="StgValue_324" to="tmp_1" fromId="324" toId="78">
</dataflow>
<dataflow id="326" from="tmp_2" to="tmp_3" fromId="75" toId="79">
</dataflow>
<dataflow id="328" from="StgValue_327" to="tmp_3" fromId="327" toId="79">
</dataflow>
<dataflow id="329" from="tmp_15" to="tmp_5" fromId="76" toId="80">
</dataflow>
<dataflow id="330" from="tmp_s" to="tmp_1" fromId="74" toId="81">
</dataflow>
<dataflow id="331" from="StgValue_324" to="tmp_1" fromId="324" toId="81">
</dataflow>
<dataflow id="332" from="tmp_2" to="tmp_3" fromId="75" toId="82">
</dataflow>
<dataflow id="333" from="StgValue_327" to="tmp_3" fromId="327" toId="82">
</dataflow>
<dataflow id="334" from="tmp_15" to="tmp_5" fromId="76" toId="83">
</dataflow>
<dataflow id="335" from="tmp_s" to="tmp_1" fromId="74" toId="84">
</dataflow>
<dataflow id="336" from="StgValue_324" to="tmp_1" fromId="324" toId="84">
</dataflow>
<dataflow id="337" from="tmp_2" to="tmp_3" fromId="75" toId="85">
</dataflow>
<dataflow id="338" from="StgValue_327" to="tmp_3" fromId="327" toId="85">
</dataflow>
<dataflow id="339" from="tmp_15" to="tmp_5" fromId="76" toId="86">
</dataflow>
<dataflow id="340" from="tmp_s" to="tmp_1" fromId="74" toId="87">
</dataflow>
<dataflow id="341" from="StgValue_324" to="tmp_1" fromId="324" toId="87">
</dataflow>
<dataflow id="342" from="tmp_2" to="tmp_3" fromId="75" toId="88">
</dataflow>
<dataflow id="343" from="StgValue_327" to="tmp_3" fromId="327" toId="88">
</dataflow>
<dataflow id="344" from="tmp_15" to="tmp_5" fromId="76" toId="89">
</dataflow>
<dataflow id="345" from="tmp_s" to="tmp_1" fromId="74" toId="90">
</dataflow>
<dataflow id="346" from="StgValue_324" to="tmp_1" fromId="324" toId="90">
</dataflow>
<dataflow id="347" from="tmp_2" to="tmp_3" fromId="75" toId="91">
</dataflow>
<dataflow id="348" from="StgValue_327" to="tmp_3" fromId="327" toId="91">
</dataflow>
<dataflow id="349" from="tmp_15" to="tmp_5" fromId="76" toId="92">
</dataflow>
<dataflow id="350" from="tmp_s" to="tmp_1" fromId="74" toId="93">
</dataflow>
<dataflow id="351" from="StgValue_324" to="tmp_1" fromId="324" toId="93">
</dataflow>
<dataflow id="352" from="tmp_2" to="tmp_3" fromId="75" toId="94">
</dataflow>
<dataflow id="353" from="StgValue_327" to="tmp_3" fromId="327" toId="94">
</dataflow>
<dataflow id="354" from="tmp_5" to="tmp_6" fromId="92" toId="95">
</dataflow>
<dataflow id="356" from="StgValue_355" to="tmp_6" fromId="355" toId="95">
</dataflow>
<dataflow id="357" from="tmp_1" to="tmp_4" fromId="93" toId="96">
</dataflow>
<dataflow id="358" from="tmp_3" to="tmp_4" fromId="94" toId="96">
</dataflow>
<dataflow id="359" from="tmp_5" to="tmp_6" fromId="92" toId="97">
</dataflow>
<dataflow id="360" from="StgValue_355" to="tmp_6" fromId="355" toId="97">
</dataflow>
<dataflow id="361" from="tmp_1" to="tmp_4" fromId="93" toId="98">
</dataflow>
<dataflow id="362" from="tmp_3" to="tmp_4" fromId="94" toId="98">
</dataflow>
<dataflow id="363" from="tmp_5" to="tmp_6" fromId="92" toId="99">
</dataflow>
<dataflow id="364" from="StgValue_355" to="tmp_6" fromId="355" toId="99">
</dataflow>
<dataflow id="365" from="tmp_1" to="tmp_4" fromId="93" toId="100">
</dataflow>
<dataflow id="366" from="tmp_3" to="tmp_4" fromId="94" toId="100">
</dataflow>
<dataflow id="367" from="tmp_5" to="tmp_6" fromId="92" toId="101">
</dataflow>
<dataflow id="368" from="StgValue_355" to="tmp_6" fromId="355" toId="101">
</dataflow>
<dataflow id="369" from="tmp_1" to="tmp_4" fromId="93" toId="102">
</dataflow>
<dataflow id="370" from="tmp_3" to="tmp_4" fromId="94" toId="102">
</dataflow>
<dataflow id="371" from="tmp_5" to="tmp_6" fromId="92" toId="103">
</dataflow>
<dataflow id="372" from="StgValue_355" to="tmp_6" fromId="355" toId="103">
</dataflow>
<dataflow id="373" from="tmp_1" to="tmp_4" fromId="93" toId="104">
</dataflow>
<dataflow id="374" from="tmp_3" to="tmp_4" fromId="94" toId="104">
</dataflow>
<dataflow id="375" from="tmp_5" to="tmp_6" fromId="92" toId="105">
</dataflow>
<dataflow id="376" from="StgValue_355" to="tmp_6" fromId="355" toId="105">
</dataflow>
<dataflow id="377" from="tmp_4" to="x_assign" fromId="104" toId="106">
</dataflow>
<dataflow id="378" from="tmp_6" to="x_assign" fromId="105" toId="106">
</dataflow>
<dataflow id="379" from="tmp_4" to="x_assign" fromId="104" toId="107">
</dataflow>
<dataflow id="380" from="tmp_6" to="x_assign" fromId="105" toId="107">
</dataflow>
<dataflow id="381" from="tmp_4" to="x_assign" fromId="104" toId="108">
</dataflow>
<dataflow id="382" from="tmp_6" to="x_assign" fromId="105" toId="108">
</dataflow>
<dataflow id="383" from="tmp_4" to="x_assign" fromId="104" toId="109">
</dataflow>
<dataflow id="384" from="tmp_6" to="x_assign" fromId="105" toId="109">
</dataflow>
<dataflow id="385" from="tmp_4" to="x_assign" fromId="104" toId="110">
</dataflow>
<dataflow id="386" from="tmp_6" to="x_assign" fromId="105" toId="110">
</dataflow>
<dataflow id="387" from="x_assign" to="p_Val2_s" fromId="110" toId="111">
</dataflow>
<dataflow id="389" from="_ssdm_op_BitSelect.i1.i64.i32" to="p_Result_s" fromId="388" toId="112">
</dataflow>
<dataflow id="390" from="p_Val2_s" to="p_Result_s" fromId="111" toId="112">
</dataflow>
<dataflow id="392" from="StgValue_391" to="p_Result_s" fromId="391" toId="112">
</dataflow>
<dataflow id="394" from="_ssdm_op_PartSelect.i11.i64.i32.i32" to="loc_V" fromId="393" toId="113">
</dataflow>
<dataflow id="395" from="p_Val2_s" to="loc_V" fromId="111" toId="113">
</dataflow>
<dataflow id="397" from="StgValue_396" to="loc_V" fromId="396" toId="113">
</dataflow>
<dataflow id="399" from="StgValue_398" to="loc_V" fromId="398" toId="113">
</dataflow>
<dataflow id="400" from="p_Val2_s" to="loc_V_1" fromId="111" toId="114">
</dataflow>
<dataflow id="401" from="loc_V" to="tmp_i_i_i_i_cast1" fromId="113" toId="115">
</dataflow>
<dataflow id="403" from="StgValue_402" to="sh_assign" fromId="402" toId="116">
</dataflow>
<dataflow id="404" from="tmp_i_i_i_i_cast1" to="sh_assign" fromId="115" toId="116">
</dataflow>
<dataflow id="406" from="_ssdm_op_BitSelect.i1.i12.i32" to="isNeg" fromId="405" toId="117">
</dataflow>
<dataflow id="407" from="sh_assign" to="isNeg" fromId="116" toId="117">
</dataflow>
<dataflow id="409" from="StgValue_408" to="isNeg" fromId="408" toId="117">
</dataflow>
<dataflow id="411" from="StgValue_410" to="tmp_3_i_i_i" fromId="410" toId="118">
</dataflow>
<dataflow id="412" from="loc_V" to="tmp_3_i_i_i" fromId="113" toId="118">
</dataflow>
<dataflow id="413" from="tmp_3_i_i_i" to="tmp_3_i_i_i_cast" fromId="118" toId="119">
</dataflow>
<dataflow id="414" from="isNeg" to="sh_assign_1" fromId="117" toId="120">
</dataflow>
<dataflow id="415" from="tmp_3_i_i_i_cast" to="sh_assign_1" fromId="119" toId="120">
</dataflow>
<dataflow id="416" from="sh_assign" to="sh_assign_1" fromId="116" toId="120">
</dataflow>
<dataflow id="418" from="_ssdm_op_BitConcatenate.i54.i1.i52.i1" to="tmp_1_i_i_i" fromId="417" toId="121">
</dataflow>
<dataflow id="420" from="StgValue_419" to="tmp_1_i_i_i" fromId="419" toId="121">
</dataflow>
<dataflow id="421" from="loc_V_1" to="tmp_1_i_i_i" fromId="114" toId="121">
</dataflow>
<dataflow id="423" from="StgValue_422" to="tmp_1_i_i_i" fromId="422" toId="121">
</dataflow>
<dataflow id="424" from="tmp_1_i_i_i" to="tmp_1_i_i_i_cast" fromId="121" toId="122">
</dataflow>
<dataflow id="425" from="sh_assign_1" to="sh_assign_1_cast" fromId="120" toId="123">
</dataflow>
<dataflow id="426" from="sh_assign_1_cast" to="tmp_5_i_i_i" fromId="123" toId="124">
</dataflow>
<dataflow id="427" from="sh_assign_1_cast" to="tmp_5_i_i_i_cast" fromId="123" toId="125">
</dataflow>
<dataflow id="428" from="tmp_1_i_i_i" to="tmp_6_i_i_i" fromId="121" toId="126">
</dataflow>
<dataflow id="429" from="tmp_5_i_i_i_cast" to="tmp_6_i_i_i" fromId="125" toId="126">
</dataflow>
<dataflow id="430" from="tmp_1_i_i_i_cast" to="tmp_8_i_i_i" fromId="122" toId="127">
</dataflow>
<dataflow id="431" from="tmp_5_i_i_i" to="tmp_8_i_i_i" fromId="124" toId="127">
</dataflow>
<dataflow id="433" from="_ssdm_op_BitSelect.i1.i54.i32" to="tmp_19" fromId="432" toId="128">
</dataflow>
<dataflow id="434" from="tmp_6_i_i_i" to="tmp_19" fromId="126" toId="128">
</dataflow>
<dataflow id="436" from="StgValue_435" to="tmp_19" fromId="435" toId="128">
</dataflow>
<dataflow id="437" from="tmp_19" to="tmp_10" fromId="128" toId="129">
</dataflow>
<dataflow id="439" from="_ssdm_op_PartSelect.i8.i137.i32.i32" to="tmp_11" fromId="438" toId="130">
</dataflow>
<dataflow id="440" from="tmp_8_i_i_i" to="tmp_11" fromId="127" toId="130">
</dataflow>
<dataflow id="441" from="StgValue_435" to="tmp_11" fromId="435" toId="130">
</dataflow>
<dataflow id="443" from="StgValue_442" to="tmp_11" fromId="442" toId="130">
</dataflow>
<dataflow id="444" from="isNeg" to="tmp_12" fromId="117" toId="131">
</dataflow>
<dataflow id="445" from="tmp_10" to="tmp_12" fromId="129" toId="131">
</dataflow>
<dataflow id="446" from="tmp_11" to="tmp_12" fromId="130" toId="131">
</dataflow>
<dataflow id="448" from="StgValue_447" to="tmp_8" fromId="447" toId="132">
</dataflow>
<dataflow id="449" from="tmp_12" to="tmp_8" fromId="131" toId="132">
</dataflow>
<dataflow id="450" from="p_Result_s" to="tmp_9" fromId="112" toId="133">
</dataflow>
<dataflow id="451" from="tmp_8" to="tmp_9" fromId="132" toId="133">
</dataflow>
<dataflow id="452" from="tmp_12" to="tmp_9" fromId="131" toId="133">
</dataflow>
<dataflow id="453" from="pixelOutput" to="pixelOutput_addr" fromId="176" toId="134">
</dataflow>
<dataflow id="454" from="StgValue_208" to="pixelOutput_addr" fromId="208" toId="134">
</dataflow>
<dataflow id="455" from="pixelStart_1_load_1" to="pixelOutput_addr" fromId="46" toId="134">
</dataflow>
<dataflow id="456" from="tmp_9" to="StgValue_135" fromId="133" toId="135">
</dataflow>
<dataflow id="457" from="pixelOutput_addr" to="StgValue_135" fromId="134" toId="135">
</dataflow>
<dataflow id="459" from="StgValue_458" to="pixelStart" fromId="458" toId="136">
</dataflow>
<dataflow id="460" from="pixelStart_1_load_1" to="pixelStart" fromId="46" toId="136">
</dataflow>
<dataflow id="461" from="pixelStart" to="StgValue_137" fromId="136" toId="137">
</dataflow>
<dataflow id="462" from="pixelStart_1" to="StgValue_137" fromId="32" toId="137">
</dataflow>
<dataflow id="463" from="pixelOutput" to="pixelOutput_addr_1" fromId="176" toId="138">
</dataflow>
<dataflow id="464" from="StgValue_208" to="pixelOutput_addr_1" fromId="208" toId="138">
</dataflow>
<dataflow id="465" from="sum2_cast" to="pixelOutput_addr_1" fromId="53" toId="138">
</dataflow>
<dataflow id="466" from="tmp_9" to="StgValue_139" fromId="133" toId="139">
</dataflow>
<dataflow id="467" from="pixelOutput_addr_1" to="StgValue_139" fromId="138" toId="139">
</dataflow>
<dataflow id="468" from="pixelOutput" to="pixelOutput_addr_2" fromId="176" toId="140">
</dataflow>
<dataflow id="469" from="StgValue_208" to="pixelOutput_addr_2" fromId="208" toId="140">
</dataflow>
<dataflow id="470" from="sum4_cast" to="pixelOutput_addr_2" fromId="66" toId="140">
</dataflow>
<dataflow id="471" from="tmp_9" to="StgValue_141" fromId="133" toId="141">
</dataflow>
<dataflow id="472" from="pixelOutput_addr_2" to="StgValue_141" fromId="140" toId="141">
</dataflow>
<dataflow id="473" from="icmp" to="StgValue_2" fromId="44" toId="2">
</dataflow>
<dataflow id="474" from="isNeg" to="StgValue_28" fromId="117" toId="28">
</dataflow>
<dataflow id="475" from="p_Result_s" to="StgValue_29" fromId="112" toId="29">
</dataflow>
</dataflows>


</stg>
